featureidx	name	fold	log2fold	tstat	pvalue	qvalue	updown	mzmed	mzmin	mzmax	rtmed	rtmin	rtmax	npeaks	serum_pos_ab_zip	serum_pos_aw_zip	maxint	mean1	sd1	mean2	sd2	10102016-012	10102016-016	10102016-020	10102016-027	10102016-033	10102016-035	10102016-039	10102016-040	10102016-041	10102016-046	10102016-057	10102016-066	10102016-067	10102016-070	10102016-014	10102016-015	10102016-018	10102016-019	10102016-036	10102016-037	10102016-038	10102016-045	10102016-050	10102016-054	10102016-056	10102016-059	10102016-063	10102016-072
1	M482T5	1.13961972669164	0.188552499882408	2.36532405581192	0.0281020209807148	1	UP	482.403740049001	482.401538448174	482.40527083434	4.806616765	4.80639981666667	4.80904997333333	16	8	8	713.90625	716.470141766567	76.4319954193931	816.503507142735	138.557841314045	670.383363772419	674.212290183199	773.089425439759	747.9921150757	671.198611489831	753.071113485429	705.343899909407	628.067379117012	755.618673146237	699.463748107005	540.77018406709	827.512770384803	798.85970090851	784.998709645536	963.091138173827	732.363739106059	590.188052304614	1078.82802004139	761.293310442707	874.593225067695	679.049775771797	794.045853458147	658.468308109324	765.401362876097	766.873712377623	987.990410628358	839.119263818238	939.742927822411
2	M497T5	1.14443370981656	-0.194633898639622	-2.31373459655967	0.0292534058896479	1	DOWN	497.34503660051	497.341594308369	497.34783269516	4.69682491666667	4.69504989	4.70008353	28	14	14	4512.4609375	4556.75235346606	581.704252048547	3981.6656171343	725.619506573979	5713.00716650044	3448.44108957714	5005.14316560699	5421.3596629967	4536.07620683579	4890.43221562574	4284.18913523675	4643.78713465336	4215.84165286013	4123.35929345899	4703.71113382965	4397.1983337036	4423.08259887341	3988.90415876617	4093.7852234197	3712.35068312961	4008.1962617099	3336.06741520781	4141.36527076289	4028.82112727973	5658.26978910078	3202.13775693991	5179.23752340463	3581.8736536111	4226.97571812278	3015.66579367221	4115.85191289602	3442.72051062318
3	M788T6	1.57387842058994	0.654324099430823	1.78295896963603	0.0887157765414677	1	UP	787.607218064876	787.601566973506	787.609755467202	5.78227498	5.75186686	5.84398347666667	30	11	11	6194.53125	5656.85086378836	3549.28312903384	8903.19550301208	5815.07084457525	8063.76648674861	15732.3544811318	6859.42212654352	6977.5276851356	6552.08566675186	7318.43033965472	941.406664548605	4915.4543011275	4133.84633989984	3083.34920055094	4083.84047612327	4067.94827430913	4017.57998800066	2448.90006251096	6178.91278382088	8746.69768697585	17658.6704751564	8486.54021993051	5962.23381897211	6446.97091493905	3746.44472047467	16636.6862760696	6906.2531104294	1608.74735381951	6512.8962469697	14506.4168807149	1848.38267683475	19398.8838770618
4	M583T5	1.29534152487561	0.373332523614387	1.63587942800543	0.114744390043528	1	UP	583.255908051784	583.253226846263	583.256786757482	4.99724983333333	4.99629992666667	4.99959988333333	9	2	7	1232.029296875	447.749614341914	183.597760715363	579.98866820412	240.366001942177	352.147441785783	249.473972330801	405.530480735625	267.471188095088	385.097099949645	446.229203876108	581.098599412079	682.858035061508	574.055642588397	683.798599018872	794.059531145307	300.214507954461	319.060592158232	227.399706674895	534.114178415446	312.566113256291	281.299474782776	318.600124679506	491.518471899442	497.232064678489	681.391792297363	660.233998111231	524.536116986845	556.60550937344	673.441472769297	1019.00887431737	1100.61011642209	468.683046868092
5	M203T0	1.11291582833874	-0.154344483398389	-1.44994945513374	0.159482608878175	1	DOWN	203.053081921394	203.052589839707	203.053912886071	0.486533344	0.482933342	0.582583308	24	10	13	917.29931640625	1161.59440748543	192.877652643854	1043.73967725785	235.144219778024	1283.92063295024	1110.59156837003	1142.92425055864	1204.77372108615	1069.54749507197	1141.51574756793	1290.32065614072	960.272124318872	1404.45223777283	656.402403220888	1271.85333131227	1181.05534041692	1119.69974498577	1424.99245102285	811.170264379904	1252.87814031861	1222.97995476573	749.912705502741	1190.67209035757	707.136801601578	1183.6705466341	1214.64485606863	1108.1063690757	1058.92312205548	1369.93593714886	1235.76300190194	788.313469292453	718.248222506627
6	M811T6	1.22213291605269	-0.289401197515217	-1.42102408314828	0.167618218913073	1	DOWN	810.602892179025	810.601208129014	810.606798431326	5.65671668666667	5.6423001	5.67143345	27	12	14	9890.546875	14180.771765719	5235.09273921361	11603.297464175	4318.88113406308	5981.87177075349	5228.70274454977	19233.2889419685	18717.5128339639	17048.7669289982	17214.2062597548	15063.5500691169	7433.65493457434	8133.5010180827	18851.8716378389	18651.9563434258	14494.0724025269	13776.3239148861	18701.5249196262	10083.8853101288	15661.1012134272	10161.3920364846	9938.87702318536	5646.42764035425	12510.0142721234	10543.5462824298	16419.1181667018	20526.7878573956	15710.7287827683	7044.96598470035	5591.28637865388	9781.081273398	12826.9522766988
7	M525T5	1.14894887808957	0.200314607411834	1.39901128203836	0.173830315060272	1	UP	525.375973192125	525.373123753819	525.379896033769	4.81730827833333	4.81361645666667	4.82281666	26	14	12	3169.017578125	2817.43260691106	844.374739150519	3237.08603280342	739.412843802203	3232.95442064078	2646.23091517039	2135.33778418706	3526.64389029732	3620.9863358998	2130.81414632623	1723.07008966314	3144.05276993445	2213.37693879876	1955.87024458495	3490.06770963156	2283.5366531693	2580.45687940371	4760.65771904737	2627.89265353242	4681.22233976128	3755.25982806195	2846.324839212	3186.01093392398	3976.23788726444	4033.15159526761	3416.87072424482	3036.34329926626	1872.19942751633	2904.1239179155	2597.35094401752	3735.07664079219	2651.13942847157
8	M680T4	1.12296524334066	0.16731327588095	1.38157062335267	0.184910467437823	1	UP	679.513687060567	679.510373993555	679.518224831438	3.60644997	3.55561668333333	3.61008327	23	10	13	3945.38671875	2509.58027644821	775.646118544444	2818.17142582459	311.198899787604	3878.7738290306	3317.99999535088	2759.77321955608	1656.02481655777	2591.72750263842	1420.41591121409	2545.91295951605	2980.69748641945	1792.7392321676	3427.19470130584	2194.4485801848	1406.14113975565	2132.55049157683	3029.72400500085	3375.96112681741	2985.94748929238	2725.96659427189	2597.46053103648	2862.3972986565	2354.6016844586	2639.92264318009	3063.1435846503	2717.68209017551	2589.92784217211	2393.92545759772	2752.48463538242	3098.50771763535	3296.47126621744
9	M498T5	1.10659769442354	-0.146130823067253	-1.34695465535713	0.190350781311196	1	DOWN	498.350937569725	498.345967109687	498.35482474333	4.69936663	4.69590019333333	4.70026684666667	15	5	10	1215.189453125	814.491918586544	172.464253013505	736.032546146624	133.259389707187	790.432723613083	796.51366327703	775.831793614974	1117.19062648714	1144.37182253765	942.678070361416	851.174883789376	702.250712054471	658.015092795938	580.493239715695	687.870964381099	793.577487396076	947.871133371653	614.614646816016	713.776574947418	847.048938493244	506.443963047618	805.05627559283	668.999462484448	785.837124717732	862.87874607948	860.973113137633	827.214930345901	753.903504345566	908.990719238917	647.205752734489	480.277678954462	635.848861932992
10	M680T6	1.14387262537721	0.193926411410365	1.31046759951649	0.202474061834379	1	UP	680.480777351288	680.478960208688	680.481978810413	5.910133405	5.90425006666667	5.91464996666667	14	9	5	754.2158203125	1568.73156207764	518.280698895186	1794.42909042585	382.953901827002	2412.82344207607	1057.11548227023	1538.78892531297	1819.58536535567	2063.01480177925	1617.43161869721	1558.98247557599	1819.02479962465	1944.17583103737	2007.77211605163	1116.82778823074	1601.39351808697	473.181383478117	932.124321510118	2336.82324996891	2384.43137289561	1533.13279027596	1938.83756833023	1259.17744319955	2231.51604924917	2311.07125008287	1864.47418012567	1477.27332197062	1577.28146186522	1516.44356257847	1630.6992766532	1399.10897234785	1661.7367664186
11	M703T5	1.14967180357726	-0.201222074275531	-1.29559068880252	0.206522480323732	1	DOWN	702.563627755842	702.562252625367	702.565421431643	5.28390836166667	5.27999994	5.28781647333333	18	9	9	727.76513671875	1180.19143356624	306.928584488895	1026.54638471085	320.448919237522	1680.10421445973	1028.34767133849	821.680986490091	1518.63708475932	1655.51962609188	1315.54794169974	1303.69935377107	1298.66865449456	1055.4631713227	1303.30580639121	685.319619332357	904.922693556707	969.396391367074	982.066854852385	1551.60931225477	781.170944232584	1104.56913871393	1331.99620344477	1160.44096100552	651.71922490449	1023.27439499013	1530.30194233339	908.799491216753	442.466678486043	1065.9002120873	1167.91094069396	702.744432022478	948.745509565808
12	M808T5	1.2603670573926	-0.333843951790033	-1.28825583476595	0.209153674318921	1	DOWN	807.576385740959	807.572264966898	807.579010618513	5.30881682666667	5.23841654666667	5.32709977666667	27	9	12	4588.1484375	7024.01257807211	2802.75762477333	5572.98965953864	3147.34035103639	11784.6481651735	7276.41961180468	7345.08053712324	5083.80152626599	6106.91820397071	6943.85433175564	8145.33612736919	7249.63294660104	9259.33269668746	9290.95794409513	9394.73093982254	774.678052177736	2716.28642828156	6964.49858188116	6093.28363341794	1455.60129060693	10485.6963488251	2708.92743093028	10231.7402393371	9382.34198197021	3886.3059146835	3369.75105037791	9673.30377734244	4255.42153387321	6596.81364193772	3319.76281829543	3529.70575945947	3033.19981248365
13	M159T0	1.08545362710732	0.118298092262251	1.28241814117048	0.214270744810779	1	UP	158.964973040913	158.96393719601	158.965307616249	0.446866679333333	0.445083318333333	0.450733322666667	28	14	14	1007.15869140625	1567.10941570645	342.881993072465	1701.02459935261	187.331346831474	1927.06905670414	1835.92619035772	1699.50413761946	930.338671624511	1742.56480135556	1668.0080302866	1667.65641449264	1661.33834634298	1075.0352540508	1765.41675123727	1695.40625899924	1688.10139014362	1727.01459229995	856.151924375862	1914.02718938902	1913.51084558088	1702.04645714998	1749.54401341612	1715.67181071779	1687.22645614388	1683.55647751456	1741.19625744271	1679.01573290832	1761.07131786154	1714.53347220243	1727.05921491039	1104.65932221535	1721.22582348361
14	M785T6	1.22724134683784	0.295418994434129	1.26330148047981	0.220084058454769	1	UP	784.586576498789	784.581282126506	784.588331863823	5.53049155333333	5.51210000333333	5.54278317666667	14	6	8	7309.91015625	7959.12962437562	2770.93543674054	9767.77295987566	4584.51954461951	5914.31212465743	12622.699872951	11757.6534857324	11050.465058612	7774.36936438935	10164.9130628109	3493.20044884578	8477.41293583598	4486.86805370294	7495.42481601437	7221.03776399046	8239.01573258425	4519.79538035263	8210.6466407792	12337.4267739032	17248.0802427209	20019.5481948279	7281.1865337441	3774.10153587195	5393.29610437725	7556.89118584565	14040.020009736	8362.87753478331	7240.65818020488	9284.19505854803	7172.32637052866	7348.0550375444	9690.15867562294
15	M681T4	1.12471390124358	-0.169558062998193	-1.21426963413924	0.235650221039797	1	DOWN	680.515615795912	680.511136918019	680.519992745107	3.60646674666667	3.55300011333333	3.61008327	17	9	8	1973.2998046875	1229.26012222138	310.342535589078	1092.9536132364	283.020602396495	1868.76969384163	1519.70691193185	1373.9706395377	759.353635728359	973.476348423216	1314.33992721559	1116.13835534302	1402.45848883094	1124.61080477387	1494.93584624007	766.575092472255	936.019418737607	1193.50492292038	1365.78162510283	1315.06540633859	1305.46707996327	1086.78730696599	1149.77078415476	1073.53759765625	824.360451489687	899.285493758988	699.212172272289	1676.79179600812	1245.77505226806	1065.85452524945	998.374920266069	1354.23881997388	606.82917894423
16	M994T5	1.23392127574692	0.303250353391311	1.15867193925021	0.257229180000728	1	UP	993.690135117458	993.685167522524	993.69471300866	4.69939994	4.69504989	4.69966680333333	16	8	8	2935.25	884.766649001347	812.482706977031	1223.79741545135	733.827110440114	0	0	0	1612.55876098927	1477.08711847704	1906.17366884886	1349.19948391047	1502.15238805825	0	0	0	1352.20736857499	1328.60680455065	1858.74749260934	0	1861.55980805977	1362.67336231843	1904.0237285531	0	1519.93492877645	1939.34668059536	1264.80810169168	2173.89480321761	1269.26251935884	1541.47851801697	1158.74219337966	0	1137.43917235106
17	M522T5	1.06550978018851	-0.0915438355088925	-1.15400942793485	0.259131812482003	1	DOWN	522.357236061579	522.350938030623	522.359481870859	4.72126667333333	4.64528324333333	4.72491669	28	13	14	9452.3125	8615.38032231934	1142.3562096649	8085.68863703446	1282.40844216588	10379.7270434878	8181.33742289057	8563.111985371	8241.47614554971	7323.56171196157	8494.71028349383	8155.26967482444	7727.71128009558	7384.02959415974	9663.01668837734	10488.6990017906	9268.31861604415	6928.20150213759	9816.15356228672	8806.21258428057	9742.2580129754	7708.17304087394	8210.87228125815	5411.66242091769	8782.6819073574	8502.57541435385	8653.63606454692	10349.4895593979	8343.67795147379	6823.33084659279	7424.63405585751	7963.62840263528	6476.80837596122
18	M836T5	1.24913748221639	0.320932271178301	1.05245392051607	0.303511977578925	1	UP	835.670538147195	835.665713205491	835.673528450437	4.89305838	4.88951652666667	4.9930501	34	14	14	9692.3984375	2619.95606213604	1313.23192556003	3272.68531897419	1913.23038406582	1270.21136049648	1104.41441867401	3904.15715548556	2152.34474303692	1518.23717481489	4529.92796125889	1203.83339808514	1689.21089501804	2771.44795974334	5131.32809845203	3798.9721590719	1987.60124434067	3312.97510198985	2304.72319943687	7877.66018305404	3269.69885958788	1400.06332670209	1681.42593806343	2174.46678402998	1042.7683182313	6186.15795158697	2586.74228258659	2219.51358588718	4396.50898106482	2163.25826533349	3245.35026717556	4518.78078803594	3055.19893429934
19	M137T1	1.07011814367565	-0.0977700825010336	-1.04541578398154	0.305455358623394	1	DOWN	137.066426310139	137.065304672784	137.067256205593	0.558758336333333	0.558633349666667	0.562366652333333	28	14	14	5860.77734375	5806.15638287552	955.785728592846	5425.71529806279	969.813267780153	6031.7920565074	8155.63376377869	5008.76411149398	5700.39724320064	5043.11632253341	5308.61693747991	5433.77534595123	5501.21572302254	6188.12699862078	7516.65229291922	5786.94369277266	5389.81982486279	4672.70453051759	5548.63051659649	6269.83519752657	6837.40262731209	5742.6652868611	5861.89020425712	4821.7037840069	3226.31940071949	4169.5311868433	5343.01615292588	6499.18748171323	5280.24983978793	5966.5978249146	4687.0804205788	6046.18933586938	5208.34542956272
20	M341T4	1.06424224949846	-0.0898265835179292	-0.98711517844594	0.332757936079957	1	DOWN	340.759563524882	340.75741101719	340.760923589897	3.60643340833333	3.55561668333333	3.61006669	24	12	12	1240.505859375	869.933851439827	146.990053841334	817.420894396736	134.219649191291	1149.75363421283	963.642585028699	781.578727530044	870.646823318273	851.215680827387	800.973628885136	749.630965004601	836.942911533306	902.496226656635	1179.03810389267	766.964294266887	732.882645448995	677.086049418143	916.22164413398	902.124553477763	747.529955564092	639.024765252795	744.782151296754	813.844904899597	663.649253815413	728.17229463887	818.511813527228	925.761402861059	866.030726277994	780.350465715548	772.611302496737	1183.90605382808	857.592877902384
21	M86T1	1.13299835304912	0.180145764027273	0.958165873660187	0.347082915958461	1	UP	86.0959047027668	86.0954919677292	86.096757601285	0.966316639666667	0.890550000333333	1.06823329	51	14	14	2780.3046875	2609.93006946848	868.804105289206	2957.04647028115	1040.45693441338	4537.03146677074	2110.64337037756	4029.4680097681	1650.92099164887	1831.18843689173	3020.26616662816	3235.45598515163	2159.09524107362	2958.23049725317	2164.27295920441	1741.44126385761	2291.37919139073	2026.85288477103	2782.77450777133	1844.15771207265	2270.00730570817	2853.17493737706	2368.62052802407	1773.9399229855	2813.19685146391	2211.28696988301	4335.53188571497	3844.55984998883	2618.87426962017	4833.88701845745	2878.67116471509	4669.89083922298	2082.85132870228
22	M520T5	1.07301895510448	-0.101675561829473	-0.957220915564686	0.347288486862671	1	DOWN	520.341112314942	520.339300709458	520.343375812385	4.64481667333333	4.64176649	4.65245007	28	14	14	13213.5859375	10383.6113382989	1910.86384995287	9677.00643954406	1994.34507101586	13463.7624486837	6911.72100817383	10569.1958959453	10132.969267724	9942.11503173121	8057.88181612293	11102.3676660408	8905.3826940017	9849.65231430943	10899.3260685906	13073.5616685635	10202.8556735515	9057.38982286288	13202.3773598836	14883.332305733	10269.0013877676	8808.21401323582	10605.5587408827	6108.81813685691	10913.6803684314	10206.923519647	8760.68996424861	9385.2781512075	9940.10472920633	8373.73703325201	7723.91092915967	10636.3752410422	8862.46563294611
23	M553T5	1.05857465305361	0.0821230150162246	0.924743407227771	0.363604908417442	1	UP	553.391536602108	553.390140233525	553.392390280567	5.21873326333333	5.21558311666667	5.22408324	14	5	9	693.60302734375	796.374146599926	134.404354714485	843.02148593788	132.511102468194	775.231470454986	654.220246569486	722.2682194762	964.832586681323	697.843910833104	687.779632838308	872.541923300865	710.796859875188	1014.63853483758	724.587716789916	996.699416246122	671.693759357037	960.741817495168	695.361957643674	940.641397428314	608.341708721514	717.566781583045	728.379234112011	808.857841829073	763.336962489136	897.087801829693	855.529662873759	929.043332072539	1063.41552904133	962.700129685659	794.465760633314	707.669056937493	1025.26560389344
24	M769T6	1.21589492583057	0.282018560580052	0.924783612084558	0.364205151330986	1	UP	768.589933917993	768.585592495035	768.594001780004	5.60475006333333	5.58630008	5.62833332	17	6	9	1258.5712890625	1546.60964635172	815.124456884634	1880.51482123967	1077.35941193367	1925.8756464503	1230.31499151479	1665.43174192242	1147.81242262538	1496.72324603254	1020.58366101065	837.654051393413	636.303378993322	816.026357123454	1871.72661326148	2072.86734130301	1685.30458006737	1327.31382748214	3918.59718974377	1123.67481390067	1590.1332302615	1264.62215278533	1616.75759995593	1378.82819142938	3970.30334762106	1535.15514392609	1126.86467738542	1936.89113081365	856.534953652324	1426.74713514745	3218.90150876999	4136.17219686277	1145.62141484378
25	M162T0	1.07192035348643	0.100197713725775	0.908325084494774	0.374046568492647	1	UP	162.112839466962	162.112016300841	162.113439264557	0.482933342	0.481716673	0.486683333333333	20	10	10	901.484375	560.938657659487	143.540099003509	601.28156420256	83.7463377018083	657.375053023423	129.967874137801	451.668586517829	516.890912500278	610.393251779259	566.357918432098	551.501657494227	688.011883160962	725.354655203155	635.96671179464	547.411485095846	642.558398773956	546.346979866524	583.335839452815	597.562320896026	538.54282274032	520.061342063672	561.964042925811	669.834085437013	686.031654450925	474.103084059083	657.711707068587	624.383561608342	546.024198860138	595.79887329633	805.349590779872	588.443915032859	552.130699616857
26	M812T6_3	1.23031700853867	-0.299030094199224	-0.841338313184238	0.407936639371851	1	DOWN	811.67221440778	811.670331514205	811.676389112135	6.27401663333333	6.22506683666667	6.38703315333333	43	12	14	3821.4296875	6673.99645037233	4154.8031858658	5424.61528537224	3689.23468881474	4995.96020835037	5574.26266057906	15942.2551749705	1223.96079369506	10977.3648724438	6684.69485337742	5868.29310220054	1224.22633806383	1395.23050466132	9835.311577604	10331.6742472647	5274.40259784371	8156.03964888922	5952.27372526924	1528.58714422557	1764.15454010859	8525.99793276988	1663.05393859042	1477.93357149139	12308.3500503702	1930.29025952257	9107.41271421723	4485.62680636574	7731.18161777863	5179.41251578129	7741.87810663966	9631.12472315869	2869.61007419159
27	M105T3	1.06715877664166	0.09377484273398	0.828198278525515	0.415163029531215	1	UP	105.033779493814	105.033379587232	105.034132552443	3.03276655833333	3.02914999666667	3.03638341666667	28	14	14	1121.294921875	1613.70253080369	362.210919310557	1722.07681863602	329.435066672028	1941.18898383694	1887.5927734614	1742.66742549835	1572.15888169131	1623.88968166994	1116.68524937907	1153.66255937217	1985.40610085879	1768.62904043104	1906.36025097004	1856.97261095948	1206.11114730259	918.122571064158	1912.3881547564	1725.56222280562	760.504585007044	1379.69718926131	1661.61024862845	1686.72017652619	1766.35417533705	2189.14097824958	1898.26725118949	1924.6563038983	1740.48226981686	1767.68330138696	1889.31129399873	1816.39857177067	1902.68689302807
28	M757T5	1.19339932040852	0.255076860450617	0.823903568660439	0.418384297206979	1	UP	756.555148964038	756.553541836556	756.558344131153	5.32778342	5.27641677333333	5.35134985	42	13	10	1499.1015625	1598.53270689546	801.988208834073	1907.68784605984	1152.3904054984	764.093446220242	1179.89699874609	2332.0684835428	800.190181449893	753.377583890925	1135.32200061695	2582.68319460988	436.091823364422	2482.19829357299	2290.75111618705	919.278631988248	1946.93094936173	2437.14988436443	2319.42530862083	1282.55349257927	3621.14738105768	1859.05248465549	4307.31190621223	384.089107351374	991.998016225174	1966.93650114347	1034.45441160724	1982.0056173516	967.075497608798	3535.48889717492	1351.11209055695	1309.3095482484	2115.09489306511
29	M546T5_2	1.11280166413364	0.154196482465434	0.803186586100151	0.429550405941711	1	UP	546.35652316626	546.352887204888	546.358441674643	4.68148329333333	4.63446668	4.68354998	27	13	13	3587.1953125	1223.58018642773	397.425789962127	1361.60206765773	505.442685068557	1139.70047580958	1002.5752574222	2186.47553374676	1137.21860734377	1841.8419516684	975.048462367058	781.352400672273	1096.12425006366	1040.83411564613	1502.99922431098	1338.8528966468	788.395017945759	947.091353737432	1351.61306260744	1483.45763443894	1847.93335941431	1011.97954943815	2097.68068235032	743.243129972221	1193.95572866551	2192.02610647803	1117.76420282547	1798.77659998449	858.304933535904	885.752831672375	1303.26455417304	1789.94432135238	738.345312907104
30	M328T5	1.10689728563547	0.146521353664588	0.780069380762048	0.442411891299183	1	UP	328.321769497888	328.319951047558	328.324208847751	4.878850085	4.87514997333333	4.88460001333333	28	14	14	4099.9453125	1751.17452724741	618.634935908461	1938.37033088413	650.777404875453	1756.6534627543	3359.77794999098	1247.30136426188	1682.90357884401	1684.89974970156	1282.29626994996	1322.13098877536	1329.39978501595	1188.09658312569	1406.10757492617	2641.78900245566	1704.45860884397	2292.93334048516	1617.69512233307	2361.62733167756	2220.10832598252	1983.6735832363	1737.35107048724	1114.85641880476	3563.4768932628	1141.76078734704	1104.90598087228	2077.75076072295	1894.87975726336	2238.30040878499	2237.52933196128	1363.699782343	2097.26419963176
31	M760T6	1.13464616866321	-0.182242473463363	-0.776632568911112	0.445370419841793	1	DOWN	759.638409005847	759.635243449231	759.639694993028	6.27090006	6.22506683666667	6.31626657	23	8	9	1101.5849609375	4724.15317858948	1507.52177072792	4163.54746445342	2241.01600074654	5645.64004658653	5284.50668715213	6735.82760045575	4932.02005767762	5560.99179078682	4544.5739291542	4909.55863614318	5013.70938868513	4959.93131013193	5805.67374703668	3855.18214049603	2446.26480084321	5646.88412319557	797.380241908018	6099.20435345018	536.969956343539	5104.46342366812	2250.23171902681	895.559083079409	449.068956823251	6234.1436669699	4654.04526099579	4145.19080272376	4847.4516047205	4944.76184858824	5032.49228472658	7451.63316456731	5644.44837666446
32	M789T6	1.27838855222991	0.354326394327299	0.740201526480403	0.466594910703959	1	UP	788.619357017237	788.616614733984	788.622835640758	6.13324999333333	6.09448327	6.16508335	20	7	11	5848.75390625	5967.87121860813	4803.86372527941	7629.25824705098	6888.556891653	7045.53203962962	2781.26792170107	2237.22309189079	3322.02721494767	4845.05458371714	16288.1789138457	3119.24716459711	6164.11442985483	687.486211714407	2828.78036952019	4752.94354468584	12305.9576858157	3166.28531378508	14006.0985748087	2344.2143972928	10823.8172358323	19098.5427937327	21989.8200344316	2060.38639447152	3224.22625859301	6513.93391707515	1786.9016358908	5237.48229953978	3250.92732695738	3084.40610244255	4280.76727561156	5744.87834461702	17369.3114422254
33	M837T5	1.21916078545605	0.28588840412338	0.737738335428524	0.467303837034943	1	UP	836.674773385686	836.670558253627	836.679665537384	4.89288328	4.88958311	4.99384987666667	24	9	11	4306.9765625	1226.27225821515	1107.18486945317	1544.73216069965	1175.96512904191	620.148567031565	639.757272494026	1801.46441688479	1095.04353888564	807.122489018552	3891.75115451677	0	774.716865362367	1474.94016395021	2735.47955106167	1945.55414814929	1381.83344765726	0	0	4602.288901164	1309.85754765602	738.177475800556	891.761895770749	1165.28213892668	0	1459.54749597605	1574.57295719268	1115.5306552178	2593.11923523441	0	1680.11493371549	2623.20029351172	1872.79671962889
34	M72T1	1.05563697256747	-0.0781137855282798	-0.686886732571818	0.499236803868107	1	DOWN	72.0804578689183	72.0801260920203	72.0808787783941	0.589908355666667	0.586050009666667	0.593783330333333	20	10	10	1254.5478515625	1276.1906872027	307.374485748278	1208.92950925999	199.405118184051	2127.01866759911	1371.04023958171	781.607580026324	1406.75402143642	1170.6087522677	1305.48850477754	1378.56283937984	1085.34898914839	1463.61275594952	1071.37028722202	1278.84059014203	1070.52904519634	1043.64845118189	1312.23889692898	1356.30880916999	1112.31375507111	1504.55531290159	1070.04373675435	971.389735046049	1079.09876346588	1109.77895395207	1304.15068495254	1563.19994337687	1079.79736320356	940.725204369931	1299.99190632885	1436.94654810558	1096.7124129415
35	M790T6	1.14897185304281	0.200343455971019	0.656836024214809	0.517085842350659	1	UP	789.623526657967	789.620132218422	789.629643836108	6.13320853	6.11204983333333	6.15378309666667	14	5	9	2676.892578125	3957.11790043036	2454.93094364418	4546.61708676633	2291.28242527116	1463.57681139377	3011.91285895996	3973.3763504596	3295.81948316949	1178.61381898441	5628.30359678417	2850.91708838381	2576.00768784838	5119.28795317543	2679.37754922254	3948.66025234972	11121.4431527554	3127.35142694414	5425.00257559419	3144.95809306612	2550.19721079298	7715.87935100993	8118.78297287935	1098.03023672518	4616.10359733552	6040.49652852544	3065.04186380804	1141.52710123245	4148.31733898474	5776.82719130168	3764.27576979112	4897.6397815859	7574.56217769018
36	M521T5	1.06080188052993	-0.0851552380940609	-0.652930134761154	0.519754126353493	1	DOWN	521.345916136777	521.34090373935	521.34932472348	4.64329171666667	4.64176649	4.71031666	28	13	14	3901.068359375	3006.3771231894	763.8986173263	2834.06089145274	625.742783849252	3617.02577892727	1987.32093828128	3330.98851863925	2928.18046175698	3065.15466720183	2593.06735546173	3370.2024356213	2078.70334248245	2546.79697358318	3388.16972187805	4173.06643517724	3271.11707418189	1630.71436249243	4108.77165896675	4026.61383862167	3102.2252313791	2557.79194691201	3126.12098190457	1629.51408030878	3306.8759067892	2967.12193284927	2747.609373347	3089.18027875939	3028.64600452903	1613.69796739153	2784.37766022039	3112.82579871587	2584.25147861055
37	M812T6_1	1.09645300573702	-0.132843979049302	-0.633247871697387	0.532141612294777	1	DOWN	811.608025537283	811.60557907491	811.612606612454	5.65655830166667	5.64019983666667	5.67124981333333	22	9	13	4529.41796875	6909.10652730143	2430.44033133342	6301.3248093175	2643.78089108275	3578.77176042499	7330.88935257279	3567.39327506726	11241.9832463934	8761.70385323465	3667.6902379746	8110.25379082642	8949.27368430793	3758.9201648578	8203.70216169247	8919.01415104711	7275.45385043794	6964.27237457651	6398.16947880619	2751.61672510786	8006.07030205173	4362.05804915172	9473.61655134541	8245.10408019836	5897.27985124497	5947.73305718371	10472.3420769647	3641.40832647807	8193.46630184091	2694.38817506751	3620.445979283	9265.98809290814	5647.0297616189
38	M568T5	1.12276342615937	0.167053974166225	0.620664616755435	0.540236601265888	1	UP	568.340988431582	568.338712181893	568.342998218254	4.62378320833333	4.62103322666667	4.68146656666667	26	11	13	3116.396484375	910.779721750848	488.297622057024	1022.59016086946	464.653767354511	1797.038151655	772.527271174626	901.083196910446	387.350482815877	1711.17178375048	460.088872939348	722.034981886381	668.937078939924	995.123614383132	1454.70830659297	1362.16697480131	551.002563711561	280.823658596724	686.859166354099	683.792528085031	1536.26146271072	606.51431030069	736.825667033433	739.640486828702	1721.19754724921	1927.46435219478	873.540040003792	1176.87017552548	851.987045338832	521.741659562569	934.782736651489	1478.18692931935	527.457311368317
39	M546T5_1	1.1751998193652	0.232906079256532	0.621028409935322	0.541905828144559	1	UP	546.355525627666	546.352249768636	546.358109643883	4.81758341166667	4.81679999	4.89304988333333	32	13	14	6507.2578125	2102.45267053219	994.325699039569	2470.80199863331	1984.06846187767	1922.90503873158	1211.93255015629	2519.43012952532	1550.26661653559	1481.0608309053	2058.40023433027	999.229317729672	1389.28467712709	2047.6134690379	3941.95265394799	4059.86499786595	1587.95090210738	3293.09068364051	1371.35528580978	8823.11000888757	2822.67980951833	1420.92155257619	1620.26896686822	1289.98837063037	1177.8403328535	1446.79678308752	1530.55713704673	1458.22028772464	3596.99161778112	1697.72447214484	1814.52897254701	2720.36961337781	3171.23005582246
40	M813T6	1.13857294369117	-0.187226721979973	-0.581837168965729	0.565834058657336	1	DOWN	812.675763859446	812.670634093775	812.679473068778	6.27040006666667	6.24425001	6.49153348	29	8	9	2091.482421875	2754.20513034007	1797.44948142892	2389.00678958638	1511.5050829931	8054.52402451526	2167.36967970431	4530.39710074101	647.726433902488	2184.33870486092	1900.01821929446	1789.52086506287	1912.95281223953	1984.41415738625	2080.64825679873	3755.65677794112	3257.10390682592	2492.7358372988	1801.46504818935	3187.10392063534	1788.54369788896	4492.95822345541	1742.24531712769	2349.02298941463	4488.46445288947	1057.70003642314	2136.73599809408	1137.5924203875	847.657627966359	1867.86998194341	3365.26652805306	4984.93385993024	0
41	M531T5	1.05038076397008	0.0709124009520793	0.567904807958832	0.575439323097096	1	UP	531.408772763457	531.405792661621	531.41250337807	5.21773348333333	5.21248312	5.22408324	27	13	14	3193.955078125	2499.11456128599	671.62074552664	2625.02186213233	486.89700583762	2386.61320791861	1674.36878611198	2267.13994962745	2525.48620281583	2123.84635445439	2711.22126209499	2233.4967042666	2161.65630061267	3804.69423793256	1939.83837286006	3937.16126500391	2148.82446328419	3054.0871207083	2019.1696303123	2780.63868465111	1786.62192572512	2123.03217411703	2515.12245469529	3044.18297797581	2547.99207433381	2499.35098891674	2541.23549006271	2757.37168601425	3606.76502681016	2970.39422734509	2241.6424882524	2104.52469167961	3231.4311792735
42	M496T5	1.026277982721	-0.0374215593793937	-0.567760474197172	0.575508854233716	1	DOWN	496.341373775839	496.339405837278	496.342483070738	4.69946668166667	4.69286656333333	4.70078335666667	28	14	14	15601.828125	16366.9696854183	1631.68743320498	15947.8912740815	2228.27355400973	18652.8410518123	17213.1801895235	17578.9460634417	18192.8657034515	12319.5595766216	17072.0185352629	15240.269751642	14796.196772287	16463.4027149036	15597.7958118985	16937.9128118152	16780.5219862887	15132.0726077011	17159.9920192065	18603.4467443646	16731.9623304617	13518.2387467918	17275.6563373931	17165.341006406	14841.8227487824	16590.5991428494	15652.8124226093	20706.3119024341	17156.3860685854	13210.2107341384	14815.7631136086	12741.2065572385	14260.7199814781
43	M815T5	1.16732903640656	0.223211272513743	0.535068972093474	0.597150687909585	1	UP	814.692869956976	814.690131586997	814.698116526676	4.91478317666667	4.85715010333333	5.10280002666667	35	10	13	2786.021484375	4714.00841849987	3934.98006826764	5502.79890477986	3865.36140987837	2458.45763043872	15011.5489121812	5436.33744474018	5091.61587090045	5790.20551312697	2487.9189915166	2444.92538460719	5897.48556491184	900.042672266298	1567.12701445476	2405.75049530759	5044.53083068132	992.610914062472	10467.5606198026	12652.4287466438	10443.2388307646	6407.19609902974	1020.78767299085	1954.36293233119	1255.67604788046	6857.05465953731	1842.82533448053	1353.03078475983	9875.08824181189	8569.03118793582	5788.52696351082	3069.39020164034	5950.54696360085
44	M795T6	1.10697888676981	0.146627706091494	0.509050937602596	0.615351023957685	1	UP	794.606202557014	794.603714824073	794.608739072111	5.60483327	5.5791334	5.61645008	27	13	11	1157.4462890625	2100.03121194013	1322.56774093866	2324.69021317534	988.743664635595	2216.48688256608	958.430084792579	3571.95281052502	1830.81919373163	3307.69699076234	912.995963193372	3472.63946552887	847.168299803116	802.952280346892	3721.42893984943	4253.47475808564	628.964873656126	777.293223873528	2098.13320044716	1170.84066318074	2127.11344894064	4115.52153160576	3057.24903216682	3301.97764064846	1162.95382064183	3018.64444902764	840.024515225992	2899.38942556183	2934.48931987007	1820.48547669252	2932.12189171134	1284.86201738029	1879.98975180089
45	M788T5_1	1.04825338977462	-0.0679874954865892	-0.499923900153212	0.62136469717449	1	DOWN	787.600961365468	787.595973685688	787.603544625113	4.6164	4.61259979	4.62896648	13	7	6	5621.63671875	1844.80940149612	429.577531793265	1759.88880121129	468.434168278395	1773.07212019488	2251.6650247507	1453.8952812294	1454.26624886682	1385.3974503482	1455.09615613187	2632.9505828619	2592.50444727391	1608.62047115527	2123.90149228664	1828.34244984342	2123.90613871581	1474.48256444931	1669.23119283755	1418.60021587031	1848.72505304404	2046.7184452191	1629.95527589321	1481.48125290114	1425.38936799392	3059.98007299964	1518.99741671956	1144.48640027083	1693.16979058441	1442.03001326182	1782.05104317693	2144.47408765919	2002.38478136394
46	M453T4	1.02243605801568	-0.0320106214866416	-0.48938311136479	0.628682127562584	1	DOWN	453.343632934394	453.34250958193	453.344555356504	3.51609994166667	3.49220000666667	3.51994992666667	28	14	14	1572.8779296875	1021.91356818465	123.924369225445	999.488975543324	118.482653879801	1378.89177576035	984.036816132396	984.20530548925	1107.53529176302	859.839379973622	918.328181866644	1070.57515869713	1102.2418314738	1041.28185198194	964.125565343904	983.688728179673	969.466474006646	1010.98594286554	931.587651051126	1159.74031787095	1234.08704349687	927.21391971475	950.566094887491	980.088112064472	1030.78362494242	1063.62517207308	1053.36861203618	881.01439103908	1092.22726083877	1028.23293429147	818.609764175016	841.137549511183	932.150860664802
47	M524T5	1.04187185657876	-0.0591778464773629	-0.484375453685376	0.632308461036749	1	DOWN	524.372401028239	524.369832316138	524.374128877344	4.81740841666667	4.81361645666667	4.82111650333333	28	14	14	9822.9453125	11192.1470967765	2221.98899143335	10742.3451608806	2671.23958346777	14939.619857004	9785.01453502754	10671.1881991292	13230.9730869256	12180.5306574458	8165.88673741136	9268.47357149511	9041.01187463189	11067.6128356726	9748.93416863699	11599.6572013243	12181.2444718939	9315.89034733678	15494.0218109356	10473.9125696013	16720.0501272372	11960.2307797157	12851.1069711243	7566.31377274313	12265.6868922346	7008.80822781445	11552.0127254276	8337.93083173976	7523.52479862873	11488.0437597558	10753.0625136871	12849.0753675032	9043.07291511522
48	M761T6	1.07858184909352	0.109135660782827	0.478011382077555	0.636915206265544	1	UP	760.587048216279	760.582758250164	760.590081485085	5.70741651333333	5.68781659666667	5.73176662333333	29	14	11	10672.7578125	13707.4094529694	6705.30568257685	14784.5630340658	5111.61405525788	20847.9663983803	21753.7203678864	8952.01902004212	8346.64557140398	16828.9402682527	21677.3494310344	7545.67128410169	20470.1483387657	16845.0716781645	9415.5178203607	4252.2336596469	5381.39127632333	20755.8841645894	8831.17306261986	20410.8207784511	22024.4250564259	5775.18626168927	8812.71402611438	19601.8393941702	15450.0055170635	10819.4250933917	15541.1011585905	18145.3664753834	18303.4447652857	18068.3260610584	9025.96848368773	9278.54566156845	15726.7137440412
49	M132T1	1.05302318191724	0.0745371971128285	0.446253941139085	0.659160689451678	1	UP	132.102249354578	132.101711116697	132.102985967583	0.969741667	0.888316679333333	0.977066671666667	40	14	14	2302.97265625	2639.74008871686	877.983916327952	2779.70750765513	778.723445901726	3756.8491620336	1644.72497077822	3341.84902858039	2327.97151530675	1956.72104401264	2596.27664509987	4265.16554113108	1885.61563463355	2510.30301839578	1868.9343345946	4016.58065159183	2840.17493617136	1776.45142077347	2168.7433389329	2384.91275135759	1981.6741430267	2523.46506051084	2168.84253264404	2686.62318361834	2309.27051755971	1747.13109536533	3575.97251884465	2974.14768689662	3363.69548047259	4002.14698603477	3810.85434730672	3634.39874092621	1752.7700626077
50	M523T5	1.03001899107245	0.042670937479821	0.415652645586158	0.681084059683416	1	UP	523.360105990241	523.356532084186	523.36414827369	4.72126669333333	4.71846654666667	4.72491669	25	13	12	2832.01171875	2347.13606320606	436.618427716532	2417.59471973327	460.055463002758	2984.40906661833	2304.76533731456	2568.06968990007	2061.87591432373	1877.44525715894	2355.49871638221	1573.12194224409	2230.88612320738	2150.41628139175	2022.08160137034	3108.29612823531	2216.81053499268	2465.70549006917	2940.52280167627	3141.06611917568	2783.32844877745	2346.06842370061	2643.73394792496	1864.28963064682	2630.14228834778	2811.56832286742	2687.28845979732	2864.68379796803	1871.25098249816	1586.61989866335	2440.66489565521	2248.77101681775	1926.84984342531
51	M576T5	1.03164943965262	0.0449528180541736	0.402626964405274	0.690637878114487	1	UP	576.467222078567	576.466371868922	576.469195402438	5.21861689	5.21421650333333	5.22408324	13	6	7	709.14501953125	731.0837424002	166.182689874579	754.222133186305	136.45587098633	593.530949521048	524.102281039242	641.33872097265	867.32752719292	583.841972474474	909.531596734899	848.884533152511	642.047837249353	938.2432660289	613.480989181119	941.344641125851	598.167766297003	959.221957209778	574.108355423055	788.757840868474	554.084036872722	664.366448332132	601.766057841818	861.04674577984	631.978691395541	687.713224350052	748.096358348701	808.355403984671	1071.75114143902	776.504663673168	839.550871762282	646.358305913142	878.78007404671
52	M783T5	1.09435298551702	-0.130078157066723	-0.400034496552422	0.69240155368976	1	DOWN	782.571830689002	782.567990176737	782.575015290247	5.38726643333333	5.30089987	5.42011676333333	43	13	14	8225.765625	17512.2725273736	9841.14712862932	16002.3984574776	10128.815129118	30975.0983923198	8263.47740407313	13906.7437670249	6559.30733090031	26833.7683007762	13255.0261341609	7707.72025471873	28087.258565727	6023.02822305642	13419.2721685397	15331.9289892622	29552.1323867036	32514.8175763705	12742.2358895976	38952.0485390944	7314.80011510328	16944.4911343406	30117.9087148797	12371.4311812023	16853.5373607391	6048.86287133505	12283.5321001468	24979.0453556972	8107.23550561055	7706.02124094029	24924.759626926	6839.5133434086	10590.3913152625
53	M786T6_2	1.12317826323672	0.167586920683855	0.398970850280251	0.693473748245605	1	UP	785.655389111695	785.650978497401	785.657844626461	6.31626658666667	6.20550014	6.47708342	75	10	13	1366.9716796875	3948.77469085195	2689.15862781372	4435.17789918421	3684.67366105834	3692.95822947969	7006.31874693142	7921.53008022075	2827.82727082727	1928.13991813667	2652.93180064484	6649.42333723959	2947.13076630135	704.069753813879	860.879077798971	2870.61841304074	1364.63455822217	4948.17846218305	8908.20525708693	4264.27593572619	5122.15341023736	8480.20996334622	10436.8076316667	909.067410918213	9127.23655268646	1935.85755012824	1098.73152978231	971.709743242216	1104.13045642149	2831.77720572075	1254.69287744594	10428.1655783473	4127.67474290963
54	M812T6_2	1.3774175906887	0.46196600659227	-0.398349121658755	0.694206850131636	1	UP	811.671394873035	811.665694022934	811.674298470209	6.46238325166667	6.41718311666667	6.51354988666667	20	7	7	259.984130859375	191.267031459368	89.6207180288217	173.482373946773	140.974196366864	248.036249484867	276.950128905697	171.100769617817	96.9687002934515	315.185325549915	359.313153266551	144.689961031079	136.974464523076	160.936513428956	78.2531743252074	288.237670106311	174.331557568163	126.107607901096	100.653164428969	239.152368463165	0	282.396961817518	147.655848499151	199.211454637569	158.637139119208	0	142.470724345185	259.624402538588	138.684169547324	160.54213287252	0	152.534409971908	547.843623442688
55	M782T5	1.08392560844084	-0.116265745606623	-0.390978429993371	0.699010822460966	1	DOWN	781.560256766435	781.555174599487	781.564951270012	5.255791675	5.2459832	5.27084993333333	24	11	12	4241.55859375	3222.84270574998	1740.0067621523	2973.30617586001	1635.60695004174	5304.95779323526	2572.70522462063	1656.01737862034	1495.65149982725	5915.64106026053	2601.85787643189	2309.62967616257	1644.44618636618	4672.52114731344	2280.53831621353	2958.69626177999	5629.16196926964	884.484806464985	5193.48868393353	1170.46630595217	5090.8139378824	3903.9452839767	2142.65315100702	1986.1921342574	6047.44371348619	1440.05385768008	1241.37224935649	4579.64557559726	2268.02054424903	1650.62655711122	2336.84608828301	5071.74675207561	2696.46031112561
56	M207T2	1.04541526042507	0.0640761242716219	0.388817468064474	0.701146128323295	1	UP	207.092551584143	207.091965289179	207.093367152167	2.357975015	2.35418336	2.36516661666667	28	14	14	969.46337890625	1762.24320078835	650.188987849299	1842.27593468446	412.812560052466	2280.26165108	2543.62015216183	2034.7762255431	722.332886230796	1865.8238288082	1116.06696902521	2263.36916336166	2000.824773959	2096.73756713603	2393.77501560888	715.882081468497	756.330669361008	1793.19505297906	2088.40877431361	2158.75836158303	2226.13348074455	1997.98756923373	2065.86573050154	1895.6200851051	2007.6758255472	763.540862484963	1070.31490342894	1838.07808626369	1976.0612213391	2085.93255647495	1884.57785788995	1998.45390804928	1822.86263693638
57	M340T4	1.02649877852022	-0.0377319107159985	-0.384872185878501	0.703700788868014	1	DOWN	340.255377523343	340.253514635862	340.257815360657	3.60643339	3.55561668333333	3.61006669	27	14	13	2909.5703125	1806.20389586809	362.179547864468	1759.57724808195	272.585853100028	2366.70178714428	1937.93170092196	2018.98579855318	1733.87052466575	1539.63867054184	1526.63415836932	1502.33253174941	2215.95549002749	1844.72011636737	2534.12802559448	1454.88554444274	1471.57791714967	1437.05697893097	1702.43529769474	2008.80633253847	1756.64254353506	1394.73299535612	1480.54383972279	1655.42265892029	1962.36571777246	1637.01773113282	1750.6612864014	2267.70988293695	1668.02355553834	1517.06355135865	1483.57013041362	2228.85218996346	1822.66905755689
58	M788T5_2	1.10935203633303	0.149717255922626	0.365352219586301	0.717814328177842	1	UP	787.671250687288	787.669053957646	787.674581241451	4.9727333	4.89248321333333	5.06121656	33	10	11	1516.0048828125	4848.74778384858	3951.93961607628	5378.96822767771	3724.01432880006	1802.69983510714	6221.76667994869	10767.711852157	1245.02509010039	8801.38608372646	6236.17082431128	11353.8134346622	9124.22117090564	961.802033363438	491.381174844247	3692.5420199164	1490.49052138205	5189.53828577907	503.919967676068	6559.59075972779	9941.45778608259	6525.74036325114	4262.98913639823	595.362392518611	2716.58969184922	653.314136188087	8639.22885793415	5704.20829566294	8320.09442560601	965.613000894245	12655.9771693723	5742.60203302026	2022.78713898239
59	M526T5	1.03793693967633	-0.0537187947749363	-0.364241771978465	0.719190334091756	1	DOWN	526.431027727489	526.425625548133	526.434968909363	4.80659996	4.79918354666667	4.81386672333333	14	8	6	1549.1455078125	885.804169268599	282.244690219852	853.427732849386	175.929107328236	595.249559029441	654.002726541849	1080.39332490237	866.65925782298	868.774584628642	651.293723031121	670.487761069089	625.650166804592	1072.10347861672	1299.67870711559	1046.58696889753	813.603252277751	1513.50511571217	643.269743310527	1016.92942734633	843.063830316067	822.754410588911	702.009636476636	975.183756937583	790.480472352356	679.584130835181	1024.74714467923	443.51670053014	1145.86853791215	828.451006106118	832.144387792178	990.068768034379	853.186049984147
60	M789T5	1.03382401559444	-0.047990621399917	-0.356108836401099	0.724988920024457	1	DOWN	788.60528786619	788.600661918137	788.609201990909	4.61631683	4.61273357	4.62896648	15	7	8	2820.404296875	962.05934756406	188.052027292987	930.583284052349	272.052878226484	1087.38492123155	1154.18234774991	601.393335374189	707.429394354858	809.415317600593	834.420811114833	1135.55186605267	1238.00695247389	804.240880119135	1128.98796146373	960.353311983318	1071.36131523266	940.120817761707	995.981633383781	702.373501995971	810.256845215335	1111.64983266592	895.908116698265	795.007229167069	845.516901127805	1597.66963199693	884.132590984697	513.322640457889	823.198617642741	755.66129242921	856.177325994219	1195.09203394502	1242.19941641182
61	M189T2	1.04197632401675	0.0593224967990619	0.309863773697116	0.759352928406408	1	UP	189.069296284711	189.068175809745	189.070661599188	2.36151671333333	2.35104992333333	2.36899998666667	28	14	14	4014.240234375	5746.23551532735	2346.63944394075	5987.44135919526	1725.26218385881	7605.57250032986	8022.29824173391	6417.56076635978	2316.77434632658	3981.38485642659	6611.28902581148	6937.3928819941	8262.16169946643	3360.24478607475	9621.98806971727	4074.11639684981	3226.42591397368	2984.21218016654	7025.8755493521	7133.34072438322	7433.45368376539	5889.30849442487	3216.24642957187	6563.4925226573	6579.45693765785	7928.46912259432	7552.1872143744	5549.18852865989	7174.13926976641	4019.24280093574	3149.340445979	3931.74368348368	7704.56917047976
62	M570T5	1.01937298776271	-0.0276820290670171	-0.305435017653673	0.763326332438783	1	DOWN	570.459648441528	570.458630586693	570.461012761917	4.80659996	4.80279987666667	4.81131673333333	20	10	10	764.431640625	928.754438788997	97.0866604047927	911.103639137429	193.20512761384	1113.15962906932	912.197943043807	984.650474664077	881.492110889871	904.214053581248	837.604105542414	1020.06828140766	1079.20392962402	945.327260120477	903.824702157949	766.505370622654	963.845927807137	827.759953685848	862.70840082948	611.612565658921	1182.99804378411	1178.75881246501	1092.38600513558	909.732284766622	874.02581698458	999.796752744451	896.555094223004	753.60344260817	883.971482595739	560.284086262949	1096.06284372952	759.889151239066	955.774565726286
63	M532T5	1.03226675744821	0.0458158388979163	0.297309296565477	0.768593890301289	1	UP	532.413475691771	532.410342910943	532.418771025168	5.218625135	5.21265016333333	5.22408324	20	8	12	1088.607421875	915.833127803465	265.668627561856	945.384093201339	260.250729544085	784.046329911267	626.20863648504	819.906394218797	1089.51518222455	749.994414399145	1239.58542871196	833.209884649761	754.854140063318	1425.99918611033	713.716677461708	1351.33099180528	643.258019656754	1046.54286188973	743.495641660877	493.157673479511	633.320974789909	761.101181875963	879.956848369216	1091.62611177699	939.305072145921	879.372488556483	936.165051387875	998.649992693577	1475.79800631079	1152.27288693446	866.657939371555	787.245997890112	1340.74707923637
64	M993T5	1.04006006333427	-0.0566668462243841	-0.288541539715653	0.775230502928096	1	DOWN	992.684004741788	992.680203297555	992.689307969621	4.69646668333333	4.69583313	4.69966680333333	23	13	10	8642.078125	4380.51813078451	1504.29625799986	4210.63826455589	1609.32400690176	6161.52620655617	3433.64317304169	5648.71199338245	4993.50686951274	4572.02322287336	5176.99626549835	3752.98893887244	0	4619.28802280281	3934.62505980057	5802.44532111633	3907.45674133806	4186.94514553736	5137.09687065084	6165.41626328253	5134.15490937994	3794.20610012859	0	4881.45232378858	4480.33249358865	5247.62219304668	3465.26816719231	6829.99330959212	3922.48228140771	4450.79450782939	3452.04390980665	4073.12237564402	3052.04686909526
65	M760T5	1.06748165984896	0.0942112834548957	0.272339355211169	0.787534923327661	1	UP	759.574342202562	759.571116854528	759.579987559751	5.47160009333333	5.43540003333333	5.52170004333333	35	11	13	3968.810546875	6614.85157451435	4554.19117544746	7061.23273841706	4107.39514135425	2048.6462702032	10684.0067475048	1531.90966808699	8735.88328742981	9730.70243437226	1777.61355067126	2522.38474777526	9410.93743583498	2246.20411653749	11494.130628966	3749.31930772142	4088.09518772549	15626.9678352204	8961.1208251516	15545.7874335957	7496.81800462831	1971.78999355145	3486.64163462275	11449.6500376476	9280.81766765632	10785.221627287	2199.80382116249	9188.5295498066	4833.78919555066	8852.18105701192	4110.67804930734	7602.51133896876	2053.03892704203
66	M166T1	1.04526837505048	0.0638734051244027	0.262736026793024	0.794846457037551	1	UP	166.086623750507	166.081691448383	166.087347428572	1.472683315	1.46885002333333	1.48366668333333	28	13	14	1089.568359375	1793.1063633889	858.284836746134	1874.27737475219	774.342491924148	1079.62164019688	2790.40147090819	660.956785988277	2690.61691523291	778.481872167965	2379.10408668575	949.671031821105	2224.66941442132	2642.69125879373	2476.60021202558	2289.1528755952	1144.47632782126	580.439064469735	2416.60613131668	2320.59037949195	2960.45556504131	2457.6466025177	2466.59700789671	819.661233962812	1030.34942731664	888.718952079343	1005.46499094257	1340.67256944851	2041.55715804699	2984.9675802551	1343.9037355201	2316.46848473317	2262.82955927777
67	M784T5	1.05885896966191	0.0825104483306863	0.254021975598037	0.80195028643359	1	UP	783.574839766024	783.570259354842	783.579417672004	5.38401675	5.30078310666667	5.42021661333333	41	12	13	4347.04296875	6660.00382142155	2920.04460467559	7052.00478429479	4981.25373882852	5574.67020048613	6438.61161531011	6705.91947045933	10328.5006109547	3491.25755652186	3241.82917983432	8842.52742144853	10907.652799953	3377.48979685845	6452.52009685424	6560.50149783628	5856.02390436874	12082.1004176373	3380.44893137877	18452.1084776056	4606.0270112186	6170.12486137327	14439.9337124603	3351.19285926549	4070.57790137392	11438.6640519696	5533.33442249081	3561.44870812417	4918.35698867466	5540.55987748603	2378.23406848219	2324.86834591739	11942.6356936851
68	M702T5	1.03744886127553	0.0530402237824495	0.23883003550363	0.813142229639995	1	UP	701.560576733199	701.556972313086	701.563296647417	5.28519992	5.27689976333333	5.35800021666667	41	13	14	1591.638671875	2135.32845095057	825.415847565518	2215.29406988792	942.428873942437	3509.88617483011	1282.0954781243	3155.44560926889	2693.43532636146	1498.09803039257	2752.80952160946	2881.4049413405	1221.39804139233	2285.02689107794	2681.15465853754	1693.52615150393	2053.85065442885	1177.42705389989	1009.03978054012	2695.41931310102	3908.20679971093	2544.91338055718	2897.9247333733	2580.38068468041	1700.02730396921	832.237305802988	3323.84913468113	2597.44280405303	981.140640288689	1432.05961325612	991.567434020963	1740.24594610863	2788.7018848272
69	M676T5	1.03578745669185	0.050727992758815	0.235826610338901	0.815488394164546	1	UP	675.544077374926	675.541787955197	675.549258492901	5.273408525	5.26801648666667	5.35483310666667	32	14	14	1341.6103515625	1829.92512664778	657.208950162245	1895.41349286702	804.795576980258	1349.74684882533	2461.05063286225	2382.53189070633	2646.00228886023	1483.81200961745	1180.10334754671	1171.71479137696	2509.44554900171	2376.64071484427	868.687019474164	1094.20252209171	1891.49275978741	1526.45012970388	2677.07126837055	947.805643178182	3032.15851845912	1294.75588736201	2536.35628488719	1170.62758572715	2115.35669487036	2360.2587208261	1060.04578090428	1940.38793597321	2194.36339483115	3067.11025864396	1036.04124360785	2830.43309495418	950.087855913568
70	M120T1	1.03005129337951	-0.0427161809635551	-0.233284432744826	0.817389988554187	1	DOWN	120.081155462891	120.077705694851	120.081514993858	1.47615837833333	1.46898338666667	1.48366668333333	28	14	14	1235.2890625	2345.84813192083	818.276175463917	2277.4090445771	731.684874048161	1164.76665516446	2963.55470963254	2943.62333976305	1046.42088436889	1088.50202733793	3042.73614918351	1579.26985213447	2428.50163195022	2956.43606854249	2530.6746926079	2543.7680618951	3662.13498333643	2340.00719166364	2551.477599311	2783.58655389172	2731.45858788578	1310.78254504891	2659.85107450973	2474.68871257229	1150.0710045832	1446.85140963108	2618.92404429657	2657.0800460323	2333.84265258502	3389.160378195	1004.05540163145	2648.51425050605	2674.85996271025
71	M992T5	1.01847593038163	-0.0264118855277729	-0.226734387534974	0.822771869204339	1	DOWN	991.678525163924	991.675228689774	991.682371631628	4.69646668333333	4.69504989	4.70008353	27	14	13	16130.9296875	8781.56837166958	1369.42461286669	8622.26402186949	2244.05828868337	10341.2157358388	6750.42285581895	9817.54774283817	8631.02423903957	8746.43006698384	9746.42990588181	7223.4160189052	8995.73850633163	9036.56210175651	6844.59374636951	11146.4524430363	7561.12291067324	7983.81520331459	10117.1857265861	11099.5815592601	9806.51186276003	6877.54992779281	10122.4193988578	8179.19674805028	7699.6784653551	9966.08759605312	5945.21958978176	13903.6193463277	9081.56481018296	7785.50288242651	6508.17801033369	8130.31532476884	5606.27078422218
72	M807T5	1.04324763511825	0.0610816502375084	0.221592370411254	0.826478597817253	1	UP	806.571692450074	806.566007165728	806.574156553445	5.31268353333333	5.23466686333333	5.33298319666667	39	13	14	8484.6875	11122.8448963401	4941.41011930899	11603.8816338939	6446.45527707829	7377.22075861866	14646.0961455789	5519.66379955671	10362.2167362959	19033.4493172306	13886.2863929617	16186.1885874701	7229.38213973989	9972.74245163204	10941.8574284211	19943.2276036181	6274.03402980176	4514.46724091844	9832.99591691686	8438.41497303119	2775.2644948006	18377.1183818182	8119.64573078852	20820.6198375238	4448.13063156101	22009.0523248149	15737.6356020752	2375.54603555948	10531.5418692863	7637.59375789517	11144.4111212028	16911.5518682422	13127.8162459154
73	M227T0	1.01747514599886	-0.0249935540176855	-0.213070091049034	0.832935170820573	1	DOWN	226.952282165279	226.951612139027	226.952877775788	0.446891665333333	0.445083318333333	0.45053333	28	14	14	1140.9765625	1746.92555488372	377.162460152552	1716.92209068041	367.902929377873	2153.29829906853	2070.59344885153	1974.54586184398	1042.20626429242	1961.25133033856	1883.24883279056	1839.74426847792	1808.87832644623	1896.97908741504	1223.45199853123	1876.83293989649	1840.04321006679	1915.73007997567	970.153820377098	1123.53874936715	2149.995916789	1955.35123254639	1979.84223376083	1186.69948563639	1174.65675823236	1870.50522718995	1905.83793773887	1856.52162578245	1904.35049669189	1881.91373653975	1931.63009689743	1183.1624293867	1932.90334296662
74	M759T5	1.05692896716058	0.0798784210264397	0.195518624872506	0.846706032854101	1	UP	758.571090500508	758.567024862988	758.575011141952	5.47386663666667	5.4348168	5.55038318333333	51	14	14	8492.71875	11177.74566381	6872.364982577	11814.0831796344	10053.144149808	26555.5999574242	12115.9001840066	9394.73410304677	20083.7050708083	3122.59697908582	7268.4639033916	5496.7671405638	10615.4597128363	9334.20427174971	12387.3596352648	4922.81520410897	9843.87636900509	4576.21854980143	20770.7382122463	32310.6547090009	29801.092058528	3825.55214629449	4849.11758513534	25707.6501593091	3340.06559481559	8167.47384385087	8998.94462490045	4208.17783756512	12096.4952939567	10309.8976311279	4503.80126357361	4278.56895076583	12999.6728160575
75	M118T1	1.02651445270141	0.0377539398613942	0.190176988545809	0.850651417125444	1	UP	118.086837477867	118.086451497385	118.087216167631	0.586333322333333	0.490116679	0.590183318	17	8	7	1050.5009765625	1277.08530708897	483.094516920791	1310.94652505945	458.748624965038	1911.83822611096	874.361681938171	1086.01935530412	795.331024102114	1071.94091476867	1755.98488187783	2262.74451301132	1025.4439877886	1943.19549041124	958.55188050955	1233.52317828525	809.372728018656	922.409663037849	1228.47677408118	1294.28505650925	1104.13323591873	1994.25639885631	973.264553264782	899.140825565721	938.65288734436	1015.69928068609	1232.38143925474	2065.73811279453	1933.06553792896	1921.0673357058	1198.8172880903	800.025457478882	982.723941433795
76	M814T5	1.05928723378861	-0.08309384010903	-0.176301488736694	0.861511899413273	1	DOWN	813.688412809605	813.685879983813	813.691485119499	4.91516657333333	4.83906668666667	5.2311001	67	13	14	5817.44921875	9015.11821831519	8484.78906750419	8510.55118078974	6532.94838001809	1702.572491743	26018.1942091441	24883.4130260505	9231.31801675534	1448.16731779965	5038.99238729477	14836.3818610886	11104.8669703242	4001.74880841807	2923.42364970482	1547.86951790624	3097.58081564538	16286.4255461112	4090.70043842671	8563.5114938653	19340.8065937714	21408.9443305333	1877.10369387799	11061.4917114294	11604.4544967167	3330.57956641214	6312.1693706674	2727.72116294267	5075.18967963191	2213.10578181685	15470.8061156242	1723.17399175614	8438.6585420109
77	M91T0	1.00823190640496	0.011827515563718	0.173795520699502	0.863419594835212	1	UP	90.9769418655568	90.9766716074587	90.9771129728822	0.450450003	0.446866679333333	0.453850012333333	11	4	7	636.2548828125	1087.33454254531	122.782665004202	1096.28537873043	148.522594876633	1216.6400658684	680.289916884047	1118.60909472754	1136.66656585565	1109.86886119943	1132.11222624771	1063.7086170932	1089.53047674994	1082.96877233468	1144.15301035757	1081.3848921509	1117.37481103922	1117.14013543592	1132.23614969016	1216.48720177093	596.666820732699	1169.5057768394	1127.13058073584	1111.76704934015	1091.72534636495	1095.3843059822	1135.64877138728	1108.32036471367	1102.12037922967	1131.72490121938	1165.90059711669	1186.44528991747	1109.16791687566
78	M762T6	1.02570778884536	-0.0366197839389299	-0.155458752606445	0.877660586592576	1	DOWN	761.590421034622	761.585993292037	761.594456198288	5.70730017333333	5.68920013666667	5.73536674333333	29	12	13	4661.68359375	6740.03086440604	2853.63024672923	6571.10235264306	2896.19825884223	9406.22187181506	6019.91183205413	2126.69115896961	3851.189858935	7663.77179559189	10458.0534141433	8684.90587850801	2818.03622617547	7865.48516779563	7713.39028888279	8780.87913084195	2120.50087262259	9251.08015962458	7600.31444572459	9852.09737481606	11144.0805218722	2784.54848703994	3755.77893917974	10359.2460078572	7605.12011834301	2645.86943169958	8300.82169214743	5051.44370003953	3091.20117322733	8728.41986623041	5439.4341965445	5938.41348665262	7298.95794135332
79	M300T5	1.01712659312813	0.024499250397148	0.143610561339443	0.887187980734461	1	UP	300.290070127749	300.289010858484	300.292400588345	4.77756663833333	4.77391671666667	4.77949986666667	26	13	13	2604.181640625	1051.69440524197	406.135355846414	1069.70634741569	235.12552949271	848.815316220118	2236.79974842523	1101.23623009934	818.512640739402	1110.02726984901	1062.46518886776	840.834884643555	517.065390113741	1326.70726776123	740.682920562686	1098.17022416746	818.396081443327	909.630681617769	1294.37782887699	1410.33679243577	756.052137606466	1311.17874507967	1280.15813018019	754.278277924147	1037.39764551917	924.398807041011	617.058397357911	1006.29691372582	1242.35346921009	1192.95619114185	1173.29883778	1076.54053578718	1193.58398303033
80	M358T5	1.00605074973295	0.00870308301754234	0.101559089954021	0.919886364901036	1	UP	358.282641293675	358.281758779124	358.283578746133	4.61630013833333	4.61259979	4.62896648	28	14	14	1301.0595703125	1020.68770396847	158.762003002838	1026.86362982069	162.992586645956	905.232807286563	1047.5147444882	815.04786640373	909.241593929228	885.887492189749	849.500565815291	1009.66619044504	1393.8279101007	986.659981340673	1209.76385414378	1026.90418322049	996.379421606524	1204.26331645646	1049.73792813214	854.92576017965	935.190315418386	888.626445779475	1200.46549605286	969.823817746377	880.455825803615	1425.88629609837	1001.28030011997	833.14996525358	1070.68956184876	971.661519479961	1046.57493540222	1171.36669945278	1125.99387885363
81	M786T6_1	1.0131837300569	0.0188958152121153	0.0920494878803834	0.927388995361197	1	UP	785.591128119449	785.587477549008	785.594606090212	5.53078341	5.51180012333333	5.54733315666667	25	13	10	3930.05078125	3187.41797728657	1088.66513286851	3229.44003547762	1316.24596338377	2824.03102529747	2813.31252976182	3154.7320112115	2529.2796944237	2339.5829431333	5755.24112677898	2714.7631199373	4835.42438156836	2096.18281782283	2892.84282028675	3452.39129580771	4493.00181698813	2233.26486542573	2489.80123356836	4989.82222548688	3893.46035396831	3313.155261347	3374.60616812643	2456.760933314	1907.8497746475	2869.51520141065	2413.26908635521	559.149392240311	5397.5923127009	4996.41972842842	3671.92653122497	2495.09023837745	2873.5432890587
82	M545T5	1.01221544710258	-0.0175163961439575	-0.0866993628338908	0.931574783555446	1	DOWN	545.347569246361	545.345273128278	545.353176131041	4.63455006666667	4.63203315333333	4.63486644	11	4	7	2186.81640625	756.968703718456	277.712987868542	747.833582154121	279.824822910371	763.307820015773	640.992639935203	1139.54293168299	722.926398742199	746.537820317782	679.62069803616	540.702403873634	548.951813205962	710.125788535457	1291.75101988004	1205.84113537334	388.623058746569	413.717260497808	804.921063215463	922.176765952707	853.935135027354	735.09482038673	837.377504173502	456.170528967306	641.272333736718	1037.16166632866	267.555956382304	1061.56621876359	1052.17977427891	474.283022874035	715.662907849017	1086.52125850461	328.712256932259
83	M544T5	1.00936559784791	-0.0134488212912801	-0.0764630162250599	0.939645581384456	1	DOWN	544.34190946859	544.337870342035	544.344517560471	4.63458328333333	4.63096688	4.64345014333333	27	14	13	5740.08984375	2389.28237348369	814.596390124033	2367.11294557484	716.462191095415	2575.54761716301	2021.46275393409	3238.6888364678	2010.07960247972	2734.04914734079	2218.39976137266	1605.91368544837	2000.20551488561	2123.52910007644	3699.763045284	3878.44367309578	1258.67686368873	1283.0726574413	2802.12097009334	2768.58033301801	2683.15224126749	2077.0608697695	2436.8051644167	1342.0874171404	2217.1249701679	2684.52030764886	2506.31693451724	3564.85467050009	2597.81418050843	1453.0487124075	2225.56287136802	3469.23683152577	1113.41573379189
84	M663T6	1.00968171658287	0.013900581813893	0.0750317739028795	0.940770726448781	1	UP	663.454104430512	663.452566941833	663.455725996329	5.91151675	5.89568348333333	5.92838334	25	12	13	1136.5009765625	2315.10448392301	745.476437566532	2337.51866939608	832.834425551399	1592.98565031275	2659.83241641605	2092.53222173766	1708.80937381639	1836.64779663086	2538.08584970821	2373.97835546359	661.376105801693	3084.98483558479	1708.27428874426	3019.77360023154	2835.08558729631	3271.44086379717	3027.65582938086	3238.70455987675	3153.50332293376	2447.57467145807	2895.42244911132	1892.59924268059	3462.78892393602	1291.12461127121	2919.19867993761	1102.19616667735	2471.7638902721	2370.93995119002	2575.57326223674	2209.50179920308	694.369840760474
85	M787T6	1.0153763147286	-0.022014512410687	-0.0641517675333983	0.949363118361251	1	DOWN	786.603169106324	786.600273924726	786.609520261837	5.77927498833333	5.75298331	5.84866662333333	42	14	14	13210.2265625	21546.8682322157	14847.482612302	21220.5740075541	11905.3142058931	45343.0160781969	35303.581002794	33323.4879370659	37096.5172956601	16909.8877279604	9819.06238525	36186.224339605	8749.20190476808	5855.26865297706	4883.17382190262	9060.26946664584	12265.4016684367	8945.36182147499	37915.7011482825	20891.8956016801	39039.1244892068	36041.3054057801	17627.0893254335	4783.37636374494	30209.2016573722	14442.0215148152	29375.5200078696	6438.57794913904	18943.7100387832	33793.2079487692	30131.080911649	8534.07623257538	6837.8486589393
86	M743T6	1.00349122026125	0.00502799433783402	0.0262419967983134	0.979267611661789	1	UP	742.575694669522	742.574774681003	742.57866665215	5.60226662	5.59351654	5.63556647	15	6	7	917.9296875	1624.09829265802	605.221351747589	1629.76837752361	536.012269686317	1792.11185080195	971.830216345791	688.484551749434	1415.58988378745	1847.98070196368	1476.46327374073	2663.04487629682	1515.48730494455	1677.24876637998	631.603616602476	1896.21139890556	2618.41141608689	2028.50316700158	1514.40507260544	1119.25625184113	2688.46929338704	1509.6550747271	2011.41886880264	1337.55544286656	1720.03394145049	595.279744329475	1475.7409918658	2225.66741430972	1372.81476846048	1405.9307290595	1232.87489110332	2009.47717555703	2112.58269757029
87	M732T6	1.00354341846814	0.00510303648487491	0.0248909892396618	0.980332931907772	1	UP	731.607408503501	731.606205612523	731.610828035523	5.81523313	5.80023350333333	5.83671671666667	15	7	6	1011.71484375	2763.95844521987	1077.43559812457	2773.75230661983	1003.29218809283	921.733734289523	3255.44050439164	2136.14476945461	3188.62749322133	3216.25065231696	2853.12134199031	2400.056379551	3873.36763788374	3295.96834357138	3790.82781080256	3903.12081505633	1719.12026940587	551.288361953584	3590.35011918936	3995.13227616416	2327.093228275	2749.68791934688	3585.85076122419	3093.73668186711	2803.7546248994	3948.86674238773	3182.77869901171	657.969729916984	2856.17242606789	2507.34470961878	3949.71027554737	1181.0249885618	1993.40922978858
88	M188T2	1.00230170201368	-0.00331683835663325	-0.0245880888513731	0.980572638989258	1	DOWN	188.070834671252	188.070311299436	188.071324346126	2.35790002166667	2.35093330333333	2.36516661666667	28	14	14	1542.87109375	2855.62058724314	674.691813988919	2849.0628934442	735.262370955661	4004.9776707045	2804.24979478554	2848.05812723001	1132.65918787915	3006.96416746868	3113.58887542818	3078.06494687793	3445.98994426244	3259.67273201431	2285.43825494422	2267.35781198906	2955.33833828376	2506.4228964458	3269.90547309044	2498.26675153807	972.537315363285	2981.58530551647	3224.32025041169	2886.82222278827	3094.82034597737	3191.98651791066	3325.71788195332	3717.41701173296	2394.09329113648	3952.20690616322	2075.94893781436	2653.6589935606	2917.49877635207
89	M781T5	1.00110953165476	0.0015998284499133	0.00578924427901281	0.995425239606365	1	UP	780.556093747395	780.553116098508	780.559714535421	5.25795831	5.2459832	5.26548329666667	26	12	14	8224.1640625	5868.76169536797	3067.12973099343	5875.27327224323	2881.71262798908	9349.70525200781	10243.7301032035	3380.39830152842	4004.29600395544	10576.4164941525	5781.51435057178	4126.43669632598	2185.29151884217	4652.06682491748	3121.58471645621	6325.85774819835	6944.83229917288	1724.89940777421	9745.63401804484	2704.31158713588	9541.08436736905	6184.96801430824	5033.57562500984	4199.10023572355	7878.00476348438	2505.22485896782	3847.73144760088	8670.77354749396	5143.30324511142	2450.57230952698	6646.73328107322	12221.503413578	5226.93911502194
