row ID,row m/z,row retention time,10102016-04201.CDF Peak height,10102016-06001.CDF Peak height,10102016-02401.CDF Peak height,10102016-07601.CDF Peak height,10102016-00501.CDF Peak height,
1,813.6877975463867,4.879987478256226,3845.990234375,1587.5224609375,3002.0390625,3168.1015625,0,
3,679.5117736816406,3.606553316116333,2883.716796875,2625.185546875,2728.59765625,3245.662109375,5943.23828125,
6,813.6878204345703,4.8481667041778564,1600.3671875,0,908.091796875,0,0,
1034,813.6880340576172,4.906300067901611,0,0,3375.70703125,2754.451171875,0,
29,143.96043904622397,4.922255357106526,796.65869140625,862.02734375,833.99609375,0,0,
7,813.6877975463867,4.926916718482971,1440.0126953125,3168.1015625,1598.7041015625,1415.8603515625,0,
5,340.2610565185547,3.606553316116333,1632.3818359375,1572.1572265625,1489.2021484375,1515.240234375,2316.6171875,
763,143.9603525797526,5.151872316996257,0,871.3994140625,870.1328125,0,1125.2646484375,
32,526.4330810546875,4.808963298797607,769.0458984375,836.06103515625,878.068359375,803.80419921875,2392.5078125,
22,143.96039428710938,5.100116634368897,849.89111328125,897.96240234375,895.029296875,869.37158203125,1151.6943359375,
26,143.96036783854166,5.173822085062663,822.57275390625,856.943359375,0,886.958984375,0,
33,570.4588745117187,4.807523345947265,704.2998046875,696.04736328125,773.353515625,677.515625,2280.166015625,
16,143.96039428710938,5.009873390197754,885.10888671875,922.69189453125,822.1083984375,931.38232421875,1319.37109375,
8,814.6923217773438,4.880991697311401,1316.4560546875,0,0,813.25048828125,0,
25,143.96045684814453,5.387908458709717,837.0634765625,0,0,790.2353515625,0,
34,482.407080078125,4.808243274688721,690.8154296875,715.12744140625,757.34130859375,722.0615234375,1953.00390625,
31,787.6697235107422,4.934133410453796,781.56689453125,710.20458984375,913.56982421875,868.00830078125,0,
39,184.98700103759765,4.993243312835693,579.61181640625,568.0927734375,610.46142578125,503.354736328125,1171.3671875,
9,813.687510172526,4.946677843729655,1137.4150390625,1237.51171875,2885.015625,0,0,
11,813.6877975463867,4.975270867347717,999.31787109375,1053.36328125,1065.4990234375,1210.8349609375,0,
1036,813.6880340576172,5.009708404541016,0,0,749.29052734375,1071.5703125,0,
41,184.9871088663737,4.970455487569173,570.38037109375,0,651.1005859375,521.53662109375,0,
767,184.98693656921387,5.031200051307678,0,579.716796875,627.45361328125,504.48583984375,1033.5712890625,
1035,787.6699523925781,5.00789999961853,0,0,845.87158203125,937.19091796875,0,
49,184.98702812194824,5.2265918254852295,525.65283203125,0,599.71728515625,486.30419921875,974.89892578125,
12,787.6697235107422,4.992416620254517,959.0390625,790.5712890625,1016.1826171875,908.2314453125,0,
38,614.4852478027344,4.808963298797607,586.16650390625,556.35791015625,608.1865234375,539.22119140625,1551.0244140625,
76,143.96039428710938,5.070516681671142,886.951171875,901.12744140625,816.57568359375,874.7919921875,1114.4296875,
768,184.98698806762695,5.1369500160217285,0,575.95556640625,595.2353515625,0,0,
20,143.96036783854166,5.289344469706218,864.64404296875,869.9111328125,0,870.7001953125,0,
55,496.4219970703125,4.852283382415772,488.169677734375,509.665283203125,465.884765625,482.251953125,1462.640625,
30,143.96043395996094,5.204933166503906,796.10595703125,862.2783203125,0,0,0,
769,184.9868392944336,4.891525030136108,0,540.42529296875,0,0,1110.8759765625,
51,540.448095703125,4.851563262939453,509.320556640625,512.7509765625,475.040283203125,480.38427734375,1510.3857421875,
10,813.6877975463867,4.994220733642578,1001.65185546875,963.48291015625,889.82177734375,1110.1787109375,0,
1037,813.6880340576172,5.06927490234375,0,0,686.68212890625,696.8955078125,0,
21,787.6696166992188,4.975138823191325,856.87744140625,863.1103515625,1141.6337890625,0,0,
69,140.9971923828125,5.163790035247803,385.093017578125,400.127685546875,374.039794921875,364.181640625,571.35888671875,
17,143.9604288736979,4.966661135355632,871.12451171875,898.52880859375,0,0,1086.2705078125,
761,143.96031951904297,4.976974964141846,0,898.52880859375,847.50537109375,0,0,
766,184.98692067464194,5.11466105779012,0,592.3896484375,665.35009765625,0,1060.8095703125,
40,184.98700103759765,5.06402006149292,578.39404296875,559.52099609375,633.95751953125,525.4326171875,1033.97265625,
57,438.3801544189453,4.808240032196045,476.724853515625,435.600341796875,496.296142578125,439.408935546875,1033.8642578125,
205,143.9604288736979,5.2264777819315595,796.10595703125,808.31005859375,0,0,1058.9345703125,
86,452.3941650390625,4.8537266731262205,356.87646484375,341.216796875,361.327392578125,344.38818359375,1135.1953125,
24,143.96039428710938,5.1167200088500975,838.12841796875,848.14453125,810.25390625,881.529296875,1128.525390625,
765,143.96029154459634,5.1398054758707685,0,856.943359375,810.25390625,881.529296875,0,
14,340.75860290527345,3.606553316116333,923.4482421875,844.99658203125,840.955078125,855.71728515625,912.046875,
85,143.96045430501303,5.352927843729655,837.0634765625,0,842.74951171875,854.86865234375,0,
60,787.6697235107422,5.061033248901367,458.40625,559.59716796875,599.2626953125,489.187744140625,0,
53,835.6689376831055,4.8781832456588745,499.641357421875,513.89404296875,578.12255859375,538.40087890625,0,
43,184.98707834879556,4.933088938395183,556.55615234375,627.568359375,578.927734375,0,0,
103,453.78611755371094,6.468899965286255,329.53271484375,0,317.994140625,0,0,
42,184.98700103759765,5.184023189544678,564.7470703125,554.52685546875,571.7392578125,527.9140625,1053.3486328125,
36,813.6877975463867,5.042979121208191,611.33984375,626.5439453125,715.79931640625,746.4111328125,0,
65,584.4741333007812,4.851563358306885,404.1650390625,409.6181640625,384.951904296875,405.58349609375,1329.2421875,
61,658.5115417480469,4.805356693267822,455.8427734375,432.372314453125,474.896484375,420.77783203125,1225.8916015625,
13,453.3503753662109,3.5170100212097166,946.85595703125,982.447265625,933.9384765625,852.60009765625,1472.94921875,
139,708.5124206542969,5.909460067749023,241.161865234375,273.408203125,254.2847900390625,234.986572265625,606.60791015625,
46,184.98700103759765,5.086400032043457,540.6884765625,532.80126953125,614.79248046875,562.306640625,1062.04296875,
1039,184.98703384399414,5.327250003814697,0,0,594.0029296875,507.08349609375,0,
58,787.6697692871094,4.888208389282227,459.56787109375,0,0,444.085693359375,0,
762,143.96032333374023,5.020370841026306,0,885.6318359375,849.15966796875,818.2236328125,1094.6083984375,
770,184.98693656921387,5.450049877166748,0,512.869140625,574.5966796875,501.888671875,1012.60546875,
106,512.4174682617188,4.761536598205566,315.337890625,323.26416015625,408.091064453125,416.306884765625,974.59912109375,
772,140.9971408843994,5.0230792760849,0,404.361328125,402.611328125,396.517578125,612.48779296875,
37,813.687510172526,5.08584451675415,607.94482421875,555.42626953125,654.830078125,0,0,
1255,139.98949432373047,5.355316638946533,0,0,0,358.6064453125,467.499267578125,
63,813.6877975463867,5.127812504768372,428.138427734375,432.170166015625,447.660400390625,522.64599609375,0,
68,140.9971923828125,5.064739990234375,385.596923828125,405.193359375,416.581298828125,391.52294921875,631.76806640625,
66,787.6697235107422,5.086300015449524,404.12744140625,449.034423828125,495.342529296875,396.40966796875,0,
1286,663.4575500488281,5.921799898147583,0,0,0,123.5506591796875,449.17724609375,
48,184.9870548248291,5.159025073051453,531.44140625,525.00927734375,640.4013671875,511.73828125,0,
108,556.4435302734375,4.7641599655151365,314.12841796875,369.01708984375,396.9931640625,381.951416015625,1020.50244140625,
1049,139.98959350585938,4.936600208282471,0,0,324.294677734375,0,477.51123046875,
1048,140.9972152709961,5.317083358764648,0,0,398.772216796875,393.93408203125,0,
268,145.95657094319662,5.153372128804524,352.69287109375,381.498046875,0,376.6220703125,0,
159,663.4576568603516,5.904649972915649,222.094970703125,202.6097412109375,194.634521484375,238.0435791015625,0,
1259,145.95662307739258,5.35170841217041,0,0,0,350.707763671875,465.67529296875,
84,145.95660400390625,4.962500095367432,358.5498046875,358.83056640625,0,0,0,
1253,140.99712753295898,4.96625018119812,0,0,0,393.4130859375,587.5322265625,
1258,453.78614807128906,6.413849830627441,0,0,0,354.288330078125,524.5361328125,
71,145.9566207885742,5.055353355407715,380.6279296875,362.336181640625,347.36572265625,355.8427734375,493.981201171875,
54,813.6877975463867,5.100737452507019,497.02587890625,505.603515625,561.849609375,621.107421875,0,
109,145.95677185058594,4.916708469390869,311.9052734375,0,0,0,468.27734375,
107,702.53759765625,4.804633331298828,314.755859375,308.380859375,374.024658203125,320.553955078125,858.34423828125,
137,815.7014567057291,5.933749993642171,244.9864501953125,186.9622802734375,273.20849609375,0,0,
47,184.9871088663737,5.254383405049642,539.9013671875,0,609.52099609375,518.1806640625,0,
89,145.95659065246582,5.100737452507019,351.669677734375,384.095458984375,342.021728515625,366.260986328125,0,
62,338.3434539794922,5.025033378601075,444.464111328125,474.751708984375,371.244873046875,371.63330078125,1006.50830078125,
111,468.39165954589845,4.76081657409668,309.39990234375,270.930419921875,340.002197265625,332.421630859375,824.607421875,
1045,140.9972152709961,5.3518500328063965,0,0,383.130859375,372.138671875,0,
45,184.9871088663737,5.277249972025554,548.0927734375,0,576.70947265625,513.57666015625,0,
101,145.9566135406494,5.314416766166687,331.17822265625,360.71484375,0,343.921875,465.67529296875,
134,124.08800888061523,6.451608180999756,252.1007080078125,278.9853515625,0,0,0,
146,600.4698913574218,4.7641599655151365,233.423828125,316.38623046875,367.47412109375,346.749755859375,876.15380859375,
91,628.5016403198242,4.849279165267944,343.13525390625,312.86962890625,302.02880859375,303.3115234375,0,
779,453.78602091471356,6.159977753957112,0,354.83154296875,0,360.976318359375,484.53076171875,
81,140.9971923828125,5.110226631164551,362.168212890625,424.555908203125,397.79638671875,380.656005859375,614.57861328125,
133,672.5278442382812,4.847953414916992,252.398193359375,236.5465087890625,246.7137451171875,243.8131103515625,866.125,
1043,140.997189839681,5.0835334459940595,0,0,416.581298828125,414.496826171875,582.46728515625,
144,801.6867980957031,5.430245757102966,238.5728759765625,206.829833984375,275.062255859375,245.5191650390625,0,
781,453.7859878540039,6.29642915725708,0,350.59130859375,318.685302734375,354.97314453125,515.185546875,
73,145.9566207885742,5.004816722869873,376.175048828125,353.5556640625,329.2548828125,374.20947265625,553.72265625,
90,140.99716186523438,4.91423761844635,373.07177734375,396.96044921875,0,387.048828125,589.7958984375,
83,139.9895217895508,5.131353282928467,361.488037109375,344.075439453125,319.41943359375,395.142578125,465.695556640625,
783,145.95655059814453,5.226705551147461,0,345.5419921875,0,387.948486328125,452.688232421875,
179,377.32727966308596,4.806800079345703,195.0284423828125,196.2415771484375,207.594970703125,227.573486328125,510.34765625,
157,801.6867980957031,5.509670853614807,223.6552734375,261.396240234375,409.451171875,251.378662109375,0,
211,680.4927001953125,5.908736705780029,151.30224609375,124.75054931640625,151.8529052734375,149.26904296875,319.232177734375,
175,815.7016906738281,6.095458507537842,197.939208984375,224.8897705078125,0,0,0,
1050,139.98959350585938,4.91855001449585,0,0,310.425537109375,0,521.515625,
59,787.6697235107422,5.025833368301392,458.760498046875,625.89306640625,643.576171875,563.4453125,0,
773,145.95657539367676,4.9878541231155396,0,398.599365234375,351.579345703125,355.878173828125,530.58251953125,
100,145.9566192626953,5.123150030771892,332.6005859375,406.563720703125,343.182373046875,0,0,
154,809.65185546875,4.993320941925049,225.878173828125,221.4595947265625,263.533203125,186.6939697265625,0,
706,186.98322296142578,4.927775025367737,268.765625,242.0029296875,0,246.7137451171875,463.039306640625,
80,139.98950386047363,5.243791699409485,365.59716796875,341.031005859375,0,367.8369140625,449.7685546875,
786,814.6917572021484,5.025708436965942,0,338.50390625,383.56591796875,0,0,
93,145.9566135406494,5.2744749784469604,342.08154296875,392.401611328125,0,372.559326171875,431.405517578125,
131,186.9832305908203,5.001913356781006,255.52685546875,229.30419921875,273.408203125,225.8223876953125,476.741943359375,
780,453.78599039713544,6.246449947357178,0,353.34521484375,318.205078125,0,506.97216796875,
776,139.98944091796875,5.311694463094075,0,374.055908203125,0,327.07080078125,433.552001953125,
104,139.98954010009766,4.975138823191325,326.823486328125,394.06201171875,327.156494140625,0,0,
136,644.4960510253907,4.7641599655151365,246.7137451171875,237.4287109375,271.26025390625,276.960205078125,752.8837890625,
140,787.6697235107422,5.128716707229614,240.549072265625,278.781982421875,258.905029296875,316.869140625,0,
87,145.9566207885742,5.06690673828125,353.3759765625,392.20654296875,353.267333984375,383.857177734375,492.40625,
126,801.6867980957031,5.488912582397461,266.13916015625,263.9951171875,321.588623046875,272.886474609375,0,
130,835.6689376831055,4.992416739463806,256.969970703125,262.010498046875,247.388427734375,235.2169189453125,0,
97,139.9895534515381,5.025616765022278,336.082275390625,375.37060546875,331.058349609375,0,437.238037109375,
777,139.9894790649414,5.069104194641113,0,366.351318359375,311.2265625,360.91015625,450.185302734375,
82,145.9566192626953,5.177238941192627,361.586181640625,362.531494140625,348.985595703125,0,0,
220,408.3672790527344,4.856616687774658,144.164794921875,157.8294677734375,159.9908447265625,156.8057861328125,552.42626953125,
98,140.9971923828125,5.233120059967041,375.1259765625,389.282470703125,413.88671875,378.0498046875,588.38623046875,
1046,815.7011108398438,5.952625036239624,0,0,374.88330078125,289.7890625,0,
56,787.6697235107422,5.037566661834717,484.41015625,521.52197265625,676.5830078125,547.57373046875,0,
94,139.98954391479492,4.9898083209991455,339.019287109375,0,0,362.7412109375,0,
169,422.38158264160154,4.806800079345703,213.459716796875,227.4617919921875,223.319580078125,185.4462890625,349.068115234375,
173,701.494970703125,3.6051066398620604,198.812744140625,220.8642578125,225.7960205078125,191.00341796875,454.544189453125,
115,801.6867980957031,5.464541673660278,291.703369140625,221.0552978515625,350.981201171875,261.54248046875,0,
771,835.6688842773438,4.910450140635173,0,437.44970703125,209.9228515625,270.1953125,0,
117,124.08800888061523,6.479116678237915,282.087158203125,258.283935546875,0,0,0,
95,139.98956044514975,4.887527783711751,338.04541015625,0,318.810546875,330.412353515625,0,
537,424.36480712890625,4.769216632843017,55.362701416015625,126.96112060546875,177.4085693359375,149.755615234375,468.564697265625,
168,746.5671264648438,4.806080055236817,214.9219970703125,194.746826171875,245.419677734375,197.819091796875,611.9384765625,
813,716.5527496337891,4.844599962234497,0,150.3062744140625,0,0,550.482421875,
78,145.95660400390625,4.933091878890991,367.826171875,353.5556640625,0,0,0,
1285,391.3379364013672,4.955416679382324,0,0,0,126.10443115234375,458.013427734375,
145,813.6877975463867,5.224004149436951,237.4505615234375,255.2449951171875,205.568115234375,312.30859375,0,
171,835.6689376831055,4.920599937438965,199.277099609375,386.67236328125,312.0400390625,225.02783203125,0,
155,186.98326301574707,5.265304088592529,225.266845703125,215.0794677734375,264.857421875,0,424.974853515625,
122,815.7014007568359,6.050000071525574,274.37255859375,294.282958984375,278.849853515625,292.5224609375,0,
774,140.99714152018228,5.212355613708496,0,379.76708984375,377.1650390625,378.0498046875,0,
52,787.6697692871094,4.899041652679443,509.070556640625,0,0,489.986328125,0,
128,813.687510172526,5.177238941192627,259.17431640625,356.6455078125,300.509765625,0,0,
161,814.6918487548828,5.145366668701172,221.7601318359375,199.7279052734375,0,0,0,
1054,142.99267578125,4.967988808949788,0,0,191.8408203125,186.5872802734375,258.320068359375,
127,481.8181915283203,6.425788879394531,264.828125,0,0,270.279541015625,478.46728515625,
156,186.98327255249023,5.107183456420898,224.4713134765625,0,0,224.6617431640625,0,
167,186.98322296142578,4.904308319091797,215.376708984375,234.8101806640625,0,213.9188232421875,463.039306640625,
788,788.6725616455078,5.0654168128967285,0,254.1583251953125,293.907470703125,0,0,
112,815.7014007568359,6.003075003623962,306.909423828125,285.513427734375,415.791748046875,308.3974609375,0,
215,394.3539764404297,4.808966636657715,149.57470703125,134.154541015625,143.33984375,148.203369140625,360.5263671875,
113,139.98950386047363,5.433858394622803,303.82080078125,330.763916015625,310.6298828125,320.29248046875,0,
223,688.5229248046875,4.7641599655151365,139.8038330078125,189.8427734375,202.3310546875,198.8563232421875,507.78515625,
233,436.3954650878906,4.854453372955322,125.910888671875,166.4129638671875,147.0037841796875,133.315673828125,352.41748046875,
120,813.6877975463867,5.189708352088928,277.881591796875,290.42431640625,267.869873046875,315.1923828125,0,
124,186.98323822021484,4.955941677093506,268.765625,219.9510498046875,0,0,0,
79,788.6727600097656,4.927058458328247,366.372314453125,185.455810546875,0,0,0,
782,139.98950703938803,5.1050333976745605,0,346.239990234375,342.910888671875,0,459.367919921875,
77,140.99720573425293,5.298908352851868,368.05419921875,401.86669921875,392.237060546875,370.159423828125,0,
190,391.3404235839844,4.858780002593994,179.5631103515625,173.6990966796875,189.025146484375,196.6007080078125,442.22607421875,
193,424.3645985921224,4.743027687072754,178.29931640625,145.8358154296875,0,0,267.76025390625,
165,815.7014007568359,6.070754051208496,217.3802490234375,263.14404296875,283.755615234375,242.2489013671875,0,
162,186.98337936401367,5.536058187484741,220.3426513671875,0,0,0,414.619873046875,
792,186.98314921061197,5.20383882522583,0,232.3594970703125,0,209.215087890625,431.52685546875,
102,139.98954010009766,4.961905479431152,331.07763671875,375.495361328125,339.30224609375,0,0,
793,186.9830665588379,5.3135666847229,0,213.055419921875,0,202.54150390625,0,
151,99.97053050994873,4.9913249015808105,229.6043701171875,209.8809814453125,201.91064453125,0,251.3563232421875,
180,99.97047805786133,5.059183239936829,194.7078857421875,204.777099609375,0,196.806640625,262.2099609375,
105,815.7014007568359,5.9841166734695435,316.44140625,279.203857421875,339.381591796875,288.484375,0,
132,815.7014007568359,5.966066837310791,254.524658203125,257.259765625,308.370361328125,328.232421875,0,
1053,481.8180236816406,6.277341604232788,0,0,261.8408203125,254.7630615234375,0,
153,186.98322296142578,4.973399996757507,226.7470703125,223.8765869140625,0,228.450927734375,489.1689453125,
149,186.98337936401367,4.891433238983154,230.2745361328125,0,0,0,449.22314453125,
158,815.7001953125,4.911674976348877,223.392333984375,0,0,455.6962890625,0,
210,466.4104919433594,4.808246612548828,151.9615478515625,142.810791015625,133.978759765625,140.1002197265625,264.38916015625,
785,815.7009480794271,6.024188995361328,0,338.749755859375,328.885986328125,307.841552734375,0,
118,453.3503753662109,3.6673533439636232,280.553955078125,302.33935546875,312.08642578125,273.630126953125,522.54541015625,
229,760.5850341796875,4.845066738128662,129.6951904296875,136.366455078125,120.44482421875,125.59246826171875,354.386474609375,
790,788.6725616455078,5.0961081981658936,0,232.82080078125,211.1409912109375,0,0,
70,813.6877975463867,5.16534161567688,381.677001953125,334.352783203125,329.498291015625,381.031005859375,0,
228,443.3342742919922,4.80679988861084,132.3072509765625,136.90576171875,148.4132080078125,151.204833984375,290.9912109375,
119,367.2156646728516,3.607276678085327,279.92822265625,287.3359375,222.4241943359375,295.136474609375,56.1231689453125,
203,790.6054260253907,4.806800079345703,161.1527099609375,152.06884765625,170.662109375,136.8360595703125,339.189208984375,
815,788.6733093261719,5.160141706466675,0,139.8736572265625,0,123.54986572265625,0,
1052,481.81804911295575,6.318688869476318,0,0,305.39990234375,246.6484375,476.3564453125,
64,788.6727600097656,4.9878082275390625,419.380859375,354.69580078125,0,0,0,
185,99.97049713134766,5.098158359527588,185.2003173828125,0,0,230.550048828125,0,
187,141.96229553222656,5.105133295059204,184.05615234375,177.3651123046875,0,0,0,
272,457.35040893554685,4.853730010986328,99.3858642578125,109.165771484375,109.96527099609375,104.33831787109375,293.8515625,
319,99.97053050994873,5.003058314323425,229.6043701171875,209.8809814453125,180.4801025390625,0,269.1494140625,
172,387.1806701660156,4.2641599655151365,199.1278076171875,237.9656982421875,252.516845703125,297.320068359375,432.86767578125,
1277,142.99267578125,5.384191513061523,0,0,0,156.8240966796875,249.0350341796875,
1363,554.4629821777344,4.922450065612793,0,0,0,42.679534912109375,171.1964111328125,
202,815.7014007568359,6.11721658706665,162.6268310546875,215.3006591796875,190.6483154296875,203.229736328125,0,
160,186.98320960998535,5.4997416734695435,221.9595947265625,221.1968994140625,237.4287109375,210.3074951171875,0,
234,799.6730041503906,4.774350047111511,125.01763916015625,137.40771484375,135.38671875,148.5562744140625,0,
247,195.1242919921875,4.804633235931396,116.86932373046875,115.06268310546875,118.2919921875,122.90576171875,213.055419921875,
176,787.6697235107422,5.166245698928833,197.270263671875,202.928955078125,179.9774169921875,230.7852783203125,0,
1268,99.97046279907227,5.349908351898193,0,0,0,230.550048828125,236.2510986328125,
252,664.4600677490234,5.8904500007629395,108.15447998046875,0,83.2489013671875,0,0,
285,99.97045993804932,5.190612435340881,202.754638671875,219.7801513671875,167.2291259765625,218.9437255859375,0,
189,801.6867980957031,5.584200024604797,180.343994140625,200.6826171875,223.778076171875,205.4005126953125,0,
123,448.29107055664065,4.688273334503174,269.792236328125,245.8165283203125,308.943359375,306.88134765625,449.133056640625,
377,815.7014007568359,5.909495711326599,77.3148193359375,87.72283935546875,354.4501953125,203.95849609375,0,
1319,760.582763671875,4.868299961090088,0,0,0,55.50640869140625,330.827392578125,
363,99.97053050994873,4.942329287528992,198.4898681640625,213.2777099609375,190.1429443359375,0,230.8802490234375,
178,801.6867980957031,5.531829237937927,195.065673828125,213.6844482421875,327.18798828125,254.2242431640625,0,
177,815.7005004882812,4.954825043678284,195.9095458984375,202.345703125,182.52734375,166.7830810546875,0,
1330,369.29976654052734,4.861083269119263,0,0,0,51.986663818359375,237.7745361328125,
256,195.1242919921875,4.846506786346436,105.630126953125,113.4915771484375,110.75701904296875,113.98626708984375,226.916748046875,
142,801.6867980957031,5.448295831680298,239.385009765625,232.441650390625,371.787109375,260.689697265625,0,
250,732.5534057617188,4.7641599655151365,112.51141357421875,117.215576171875,166.0543212890625,132.447265625,345.25732421875,
116,475.3260833740234,3.5177299976348877,287.30029296875,248.2174072265625,249.0350341796875,167.2291259765625,351.170654296875,
758,399.30787658691406,4.815624952316284,40.19512939453125,0,0,0,178.873046875,
200,395.2237274169922,4.878296661376953,164.70068359375,206.7711181640625,157.3443603515625,178.2364501953125,515.8427734375,
138,124.0879898071289,6.334305604298909,242.815673828125,0,0,240.87451171875,230.46484375,
198,141.96217346191406,5.027111212412517,165.2958984375,189.050537109375,0,164.58251953125,0,
170,99.97045993804932,5.1698291301727295,202.754638671875,219.7801513671875,207.2523193359375,206.1767578125,0,
1058,141.9696807861328,5.498055617014567,0,0,158.071044921875,168.27001953125,230.355712890625,
804,142.99267196655273,4.878891706466675,0,170.7381591796875,0,0,245.2230224609375,
1281,449.79224395751953,6.372333526611328,0,0,0,139.894775390625,211.453369140625,
207,815.7004597981771,4.8466165860493975,155.5308837890625,0,506.3291015625,192.7705078125,0,
814,449.7921142578125,6.475541830062866,0,145.0198974609375,141.874267578125,0,0,
150,186.98323822021484,5.031133413314819,229.8636474609375,226.9830322265625,0,0,0,
276,835.6689376831055,5.06464159488678,98.31097412109375,101.1839599609375,117.2275390625,115.3917236328125,0,
204,142.99272664388022,5.356438954671224,160.6392822265625,0,0,160.1207275390625,249.0350341796875,
188,801.6867980957031,5.551708221435547,180.5908203125,193.6214599609375,270.5400390625,210.6856689453125,0,
246,111.01993255615234,4.781506729125977,117.82183837890625,122.59765625,115.06268310546875,140.89697265625,130.1326904296875,
192,142.99272664388022,5.107605457305908,178.5086669921875,0,0,167.2291259765625,268.765625,
313,182.96455841064454,6.292423248291016,89.01519775390625,88.92095947265625,94.28948974609375,97.3597412109375,106.81787109375,
181,835.6689376831055,4.966558337211609,192.0565185546875,167.4117431640625,164.76513671875,184.84814453125,0,
217,142.99266306559244,5.272300084431966,147.459716796875,170.9522705078125,177.414794921875,0,0,
797,815.7008056640625,6.144275188446045,0,184.658203125,202.4234619140625,0,0,
1073,526.4332580566406,4.858941555023193,0,0,117.5618896484375,0,279.70068359375,
224,787.6697235107422,5.199633359909058,139.04931640625,146.4903564453125,139.9637451171875,155.824951171875,0,
164,813.6877975463867,5.234837532043457,217.9669189453125,198.472412109375,276.165283203125,250.2955322265625,0,
1000,536.4400024414062,6.128033399581909,0,44.539794921875,126.83062744140625,0,0,
244,510.4368133544922,4.803913307189942,118.2919921875,106.90478515625,111.4366455078125,102.015869140625,193.145263671875,
141,99.9705327351888,5.071511109670003,239.9725341796875,0,0,211.1787109375,201.0484619140625,
791,186.9830665588379,5.418733358383179,0,232.7861328125,0,213.055419921875,0,
265,421.3539161682129,4.808645844459534,102.478271484375,117.29632568359375,0,88.8111572265625,207.55029296875,
806,142.992551167806,5.062005360921224,0,167.2291259765625,170.4305419921875,174.546630859375,0,
1055,142.99267578125,5.154877662658691,0,0,181.1688232421875,167.2291259765625,241.271484375,
361,480.4234222412109,4.848673343658447,80.3751220703125,93.09307861328125,94.02691650390625,90.4400634765625,213.6488037109375,
147,186.98328653971353,5.070299943288167,232.6114501953125,0,0,216.110595703125,456.165771484375,
1027,97.97505760192871,0.30014167726039886,0,40.61126708984375,0,0,303.79736328125,
362,363.31066513061523,4.754416823387146,80.10986328125,79.43560791015625,78.68798828125,0,199.1832275390625,
239,815.7014007568359,6.175045847892761,122.47637939453125,157.3443603515625,165.032470703125,164.21826171875,0,
219,835.6691741943359,4.826841592788696,145.1444091796875,0,0,135.4232177734375,0,
805,141.96222305297852,5.2049665451049805,0,170.0546875,171.3267822265625,0,0,
799,142.992551167806,5.19671106338501,0,183.1053466796875,181.1688232421875,166.55908203125,0,
303,111.01996040344238,5.1182708740234375,90.63287353515625,91.8985595703125,88.52313232421875,0,107.5277099609375,
795,813.6877746582031,5.253999948501587,0,198.472412109375,0,194.7203369140625,0,
347,408.3674125671387,4.7646790742874146,82.73541259765625,0,60.561553955078125,72.5185546875,113.787353515625,
1062,799.6732177734375,4.755249977111816,0,0,136.03173828125,136.1641845703125,0,
152,809.6517639160156,4.959500074386597,227.7042236328125,0,156.259521484375,0,0,
800,453.8404846191406,3.6691555182139077,0,182.3094482421875,0,180.478271484375,301.841796875,
794,99.97042274475098,5.255508184432983,0,204.393310546875,185.4228515625,0,0,
245,802.6904754638672,5.535749912261963,118.1278076171875,104.3404541015625,180.2698974609375,119.11956787109375,0,
251,111.01994069417317,4.829544544219971,110.0992431640625,121.521240234375,0,0,126.28411865234375,
225,801.6870727539062,5.601788838704427,136.797607421875,149.091064453125,206.4317626953125,0,0,
386,835.6691741943359,4.837675094604492,75.7196044921875,0,0,192.26025390625,0,
182,425.2213470458984,4.688273334503174,190.9066162109375,208.92822265625,176.82177734375,214.216064453125,675.63720703125,
231,815.7014007568359,6.1976083517074585,128.1851806640625,112.90985107421875,157.3411865234375,133.0091552734375,0,
333,151.09821472167968,4.850119972229004,85.059326171875,85.23052978515625,69.5667724609375,70.6009521484375,146.8837890625,
195,141.96792602539062,4.9177000522613525,174.327392578125,194.3197021484375,149.947021484375,0,231.3839111328125,
257,815.7014007568359,6.221070766448975,105.20001220703125,111.31805419921875,120.09130859375,111.66998291015625,0,
374,648.6301116943359,5.5087666511535645,77.974609375,90.35015869140625,109.6463623046875,84.81878662109375,0,
816,449.7921651204427,5.6305999755859375,0,138.7440185546875,139.4267578125,0,181.6192626953125,
832,789.6801350911459,4.941288789113362,0,99.47528076171875,132.997314453125,132.9630126953125,0,
473,722.5403442382812,5.899733304977417,62.327911376953125,60.259674072265625,50.9525146484375,0,76.11029052734375,
267,809.65185546875,4.938645839691162,101.345947265625,91.35308837890625,128.2039794921875,136.7099609375,0,
235,392.36542892456055,4.872550010681152,124.65179443359375,137.0072021484375,149.7020263671875,0,47.527374267578125,
811,142.9926732381185,4.902972221374512,0,160.313720703125,163.9342041015625,0,245.2230224609375,
301,526.4331461588541,4.8873610496521,91.6959228515625,88.52313232421875,87.450439453125,0,0,
983,536.4400024414062,6.117208480834961,0,46.640716552734375,107.2972412109375,0,0,
253,182.96471214294434,6.473079323768616,106.45562744140625,101.31988525390625,106.45562744140625,0,106.80908203125,
1074,809.6516723632812,5.06927490234375,0,0,112.18756103515625,84.64202880859375,0,
232,801.6867980957031,5.6166832447052,126.90338134765625,180.671142578125,152.0108642578125,162.918212890625,0,
277,799.6730041503906,4.822204232215881,97.85540771484375,84.51409912109375,99.867919921875,103.1285400390625,0,
274,816.7047119140625,5.919095873832703,99.2447509765625,69.8558349609375,101.4564208984375,159.8272705078125,0,
322,228.19657707214355,4.131579160690308,87.05780029296875,98.016845703125,85.6807861328125,88.21673583984375,0,
905,685.4375991821289,5.906404137611389,0,57.72265625,67.149658203125,56.1231689453125,339.118408203125,
241,423.25634765625,4.9925233840942385,119.3353271484375,112.58636474609375,99.60821533203125,108.33953857421875,376.241455078125,
1162,355.2830352783203,4.806591749191284,0,0,51.326904296875,0,138.0045166015625,
825,482.4069315592448,4.871877829233806,0,109.2642822265625,0,76.62310791015625,202.97216796875,
309,111.01993255615234,4.898509979248047,89.5780029296875,103.501953125,96.96197509765625,113.98626708984375,112.90985107421875,
218,801.6865844726562,5.391499996185303,146.5174560546875,104.29010009765625,0,149.831787109375,0,
261,815.7000732421875,5.074358224868774,103.115966796875,0,128.051513671875,0,0,
872,364.3397979736328,4.767316579818726,0,73.61309814453125,0,80.04632568359375,0,
216,815.7015380859375,6.157639026641846,148.06298828125,170.091796875,0,191.9573974609375,0,
208,142.99265670776367,5.568733215332031,154.6990966796875,156.539306640625,0,0,0,
324,182.96473439534506,6.363222122192383,86.97833251953125,0,0,103.03179931640625,118.6978759765625,
266,182.96441396077475,6.317583243052165,102.3843994140625,96.96197509765625,0,99.86724853515625,0,
1080,438.38026428222656,4.846691608428955,0,0,99.834228515625,115.22576904296875,0,
839,494.8130798339844,6.298710982004802,0,90.554443359375,0,84.42315673828125,194.539794921875,
242,787.6696166992188,5.22777779897054,119.2645263671875,137.5601806640625,110.08331298828125,0,0,
212,449.79233805338544,6.4006500244140625,150.8756103515625,147.298095703125,0,154.17724609375,0,
306,802.6902669270834,5.420188903808594,89.888671875,101.16015625,176.9521484375,0,0,
1059,449.792236328125,5.705100059509277,0,0,141.4644775390625,0,195.07177734375,
803,403.2344512939453,4.6899333000183105,0,172.8963623046875,139.8389892578125,160.612060546875,481.306640625,
226,449.7923164367676,6.310725092887878,135.4951171875,145.2344970703125,147.136474609375,0,180.427978515625,
807,449.79217020670575,6.4282887776692705,0,163.1751708984375,0,144.0897216796875,211.6929931640625,
254,835.6689376831055,5.0881041288375854,106.37158203125,91.927978515625,107.736083984375,105.2403564453125,0,
798,141.9619255065918,5.353749990463257,0,183.2587890625,0,165.0289306640625,0,
238,801.6867980957031,5.656391620635986,122.67706298828125,125.79547119140625,120.241943359375,106.49700927734375,0,
255,799.6730041503906,4.734183430671692,105.78985595703125,95.01361083984375,128.0057373046875,125.86785888671875,0,
323,111.01996040344238,5.055404186248779,86.9813232421875,101.181396484375,87.56060791015625,0,132.1234130859375,
213,449.79233805338544,6.449983278910319,150.55859375,161.600341796875,0,151.853271484375,0,
262,347.31700744628904,4.870353317260742,102.97711181640625,102.23626708984375,101.3304443359375,98.016845703125,357.492919921875,
416,399.3084442138672,4.798859977722168,69.5714111328125,74.7716064453125,77.39208984375,74.7125244140625,93.64599609375,
1318,570.4589233398438,4.947058200836182,0,0,0,55.9248046875,118.96368408203125,
496,333.30208587646484,4.804800033569336,59.225555419921875,0,0,0,121.90484619140625,
464,408.3671188354492,4.743916630744934,82.73541259765625,71.18597412109375,74.579345703125,0,76.74957275390625,
356,130.16017150878906,5.345966577529907,81.13922119140625,0,0,0,122.59765625,
344,228.19657707214355,4.112624883651733,83.2489013671875,72.70037841796875,83.2489013671875,92.288818359375,0,
298,182.96471214294434,6.430779218673706,93.63238525390625,108.6041259765625,90.63287353515625,0,121.521240234375,
287,111.02006149291992,4.8861167430877686,94.852294921875,0,94.852294921875,0,0,
348,836.6723022460938,4.948511123657227,82.4251708984375,147.5877685546875,0,119.4957275390625,0,
1084,394.3480987548828,5.024572054545085,0,0,96.1640625,103.34271240234375,191.0599365234375,
1309,482.8199768066406,6.366925001144409,0,0,0,66.78680419921875,127.91851806640625,
812,449.79212188720703,6.035749912261963,0,155.1478271484375,0,137.33837890625,0,
865,540.4478759765625,4.900566577911377,0,78.84552001953125,99.0716552734375,0,132.369140625,
610,566.5518595377604,4.953649997711182,50.9525146484375,81.21112060546875,0,71.345703125,0,
279,557.4475402832031,4.771166563034058,97.546630859375,0,0,0,59.353851318359375,
249,111.01993255615234,4.767333316802978,115.06268310546875,166.1307373046875,116.13909912109375,131.2091064453125,118.2919921875,
270,111.01993255615234,4.808966636657715,100.12652587890625,123.67413330078125,118.2919921875,120.44482421875,114.09515380859375,
824,814.6917572021484,5.215799808502197,0,114.552490234375,141.331787109375,0,0,
491,524.4515533447266,4.849254250526428,59.732513427734375,60.085723876953125,0,60.5496826171875,158.793701171875,
808,141.96222305297852,5.063608407974243,0,162.635498046875,160.5260009765625,0,0,
281,809.65185546875,4.913379192352295,97.3084716796875,89.42901611328125,108.7657470703125,99.4246826171875,0,
335,809.65185546875,5.03125,84.78997802734375,110.25372314453125,98.9405517578125,102.16851806640625,0,
289,354.1967010498047,4.876129913330078,94.7752685546875,104.9755859375,80.4537353515625,91.687744140625,223.69140625,
864,834.6296157836914,4.805033326148987,0,79.32391357421875,81.60174560546875,75.54168701171875,215.1702880859375,
1127,371.3185272216797,4.964158296585083,0,0,58.19140625,0,153.1552734375,
1106,101.96616490681966,5.1136166254679365,0,0,70.09991455078125,96.96197509765625,105.66131591796875,
492,776.5777893066406,4.761536598205566,59.598541259765625,85.60479736328125,82.1065673828125,76.58233642578125,205.0521240234375,
859,451.79138946533203,6.361308336257935,0,80.90045166015625,0,0,126.31256103515625,
435,717.5575764973959,4.845349947611491,66.46527099609375,0,0,62.98492431640625,216.347900390625,
373,182.96440315246582,6.206629157066345,77.974609375,85.75640869140625,101.4613037109375,101.181396484375,0,
918,773.6554972330729,4.773205598195394,0,55.1710205078125,56.82598876953125,50.304046630859375,0,
440,804.603076171875,4.8429032325744625,66.041259765625,65.18048095703125,72.72662353515625,63.005523681640625,243.7008056640625,
214,111.01993255615234,4.746760082244873,149.6563720703125,115.06268310546875,113.51611328125,125.82696533203125,120.44482421875,
221,449.79248809814453,5.733416557312012,140.456298828125,0,136.1470947265625,0,0,
222,149.02405242919923,4.632680034637451,139.820556640625,161.737548828125,99.0716552734375,107.5277099609375,300.44482421875,
895,536.4400024414062,6.158725023269653,0,59.707672119140625,133.1514892578125,0,0,
664,789.6800740559896,4.889938831329346,46.727569580078125,0,96.09954833984375,80.55987548828125,0,
307,799.6730041503906,4.706208229064941,89.84503173828125,79.3453369140625,78.68768310546875,106.1614990234375,0,
292,111.01993255615234,5.012756633758545,93.88970947265625,100.45599365234375,94.48382568359375,99.0716552734375,98.46484375,
260,111.0199712117513,4.85978905359904,103.29107666015625,0,0,109.6805419921875,120.90203857421875,
321,801.6867980957031,5.3589500188827515,87.183837890625,70.205078125,67.26373291015625,109.68914794921875,0,
378,809.6520385742188,4.87672773996989,77.0360107421875,65.31842041015625,0,92.249267578125,0,
1075,494.81310017903644,5.63557783762614,0,0,104.38958740234375,97.266357421875,192.724609375,
1345,485.81268310546875,6.001275062561035,0,0,0,46.28851318359375,118.52935791015625,
451,501.37846755981445,4.8492584228515625,65.17852783203125,63.34503173828125,0,55.21051025390625,136.8443603515625,
282,111.01991081237793,4.988762378692627,96.96197509765625,103.62054443359375,0,116.09912109375,109.6805419921875,
423,787.669677734375,5.274905522664388,68.73944091796875,87.75189208984375,0,81.514892578125,0,
383,789.6801147460938,5.031033277511597,76.264404296875,0,109.66650390625,0,0,
1105,482.8202667236328,6.109750032424927,0,0,70.321533203125,0,115.3037109375,
1314,440.26698303222656,5.0240583419799805,0,0,0,59.350189208984375,130.9112548828125,
913,536.4400024414062,6.193016767501831,0,56.14825439453125,76.93603515625,0,0,
325,182.96440315246582,6.350650072097778,86.905517578125,95.019287109375,90.91278076171875,102.23626708984375,0,
318,249.16828155517578,4.300983333587647,87.78143310546875,66.9478759765625,72.43914794921875,67.0657958984375,252.3095703125,
702,452.3918792724609,4.766593265533447,43.789764404296875,67.70166015625,73.0955810546875,99.0716552734375,121.33428955078125,
264,815.7015380859375,6.2455112139383955,102.65802001953125,99.0716552734375,0,115.06268310546875,0,
719,708.512321472168,4.976887464523315,43.148712158203125,40.401153564453125,78.123291015625,0,81.44793701171875,
314,144.9833984375,5.710516691207886,88.55615234375,0,0,0,150.314453125,
240,367.71728134155273,3.606612503528595,119.368408203125,134.4383544921875,101.14886474609375,114.8740234375,0,
352,801.6867980957031,5.684366583824158,82.19403076171875,109.991943359375,97.94366455078125,83.87921142578125,0,
1082,114.06705856323242,5.007466793060303,0,0,98.016845703125,0,179.384521484375,
310,111.01993255615234,4.932199954986572,89.5780029296875,100.12652587890625,81.13922119140625,94.852294921875,108.6041259765625,
393,113.96511268615723,3.6341625452041626,73.58428955078125,84.30377197265625,67.49853515625,82.19403076171875,0,
413,526.4330810546875,4.9021200180053714,69.7021484375,72.771728515625,94.0032958984375,85.898193359375,142.315673828125,
1098,453.35308837890625,4.862222194671631,0,0,73.7552490234375,96.0213623046875,317.34912109375,
1289,111.01990509033203,5.2537665367126465,0,0,0,105.757568359375,99.0716552734375,
1091,111.01994323730469,4.726333300272624,0,0,82.19403076171875,99.0716552734375,120.44482421875,
280,421.35413614908856,4.792177677154541,97.34808349609375,0,99.0623779296875,0,110.8162841796875,
402,113.96501159667969,0.3370833396911621,71.5362548828125,89.29766845703125,67.39141845703125,82.19403076171875,126.582275390625,
1069,449.7922134399414,6.203999996185303,0,0,125.968017578125,146.360107421875,0,
372,113.96503639221191,0.3064916655421257,77.974609375,88.3026123046875,75.582763671875,0,1012.658203125,
448,113.96501159667969,0.3731866657733917,65.4302978515625,66.2481689453125,64.1214599609375,77.974609375,126.582275390625,
1071,449.7922134399414,6.151600122451782,0,0,121.06121826171875,149.3128662109375,0,
327,182.96440315246582,6.412020802497864,86.4134521484375,95.6478271484375,95.3443603515625,86.0599365234375,0,
818,407.20800018310547,5.849066495895386,0,129.0562744140625,129.6195068359375,0,0,
1085,151.09830474853516,4.8068389892578125,0,0,94.852294921875,73.62713623046875,134.4383544921875,
351,182.96512985229492,5.895158290863037,82.19403076171875,0,0,0,87.72052001953125,
340,451.791552734375,6.452473258972168,83.53558349609375,89.13818359375,77.44720458984375,97.79339599609375,109.9146728515625,
1095,101.96615409851074,5.485416650772095,0,0,79.68499755859375,91.687744140625,0,
482,531.3897766113281,4.806079959869384,60.7767333984375,58.98907470703125,59.718963623046875,54.194244384765625,112.75726318359375,
898,554.4632364908854,4.8117109934488935,0,59.225555419921875,0,62.327911376953125,88.9638671875,
248,182.96464347839355,6.447120785713196,116.13909912109375,0,89.5780029296875,110.08648681640625,99.76129150390625,
1090,512.4175415039062,4.8015666007995605,0,0,82.5704345703125,82.33087158203125,0,
269,111.01991081237793,4.9607625007629395,100.72064208984375,96.236572265625,0,108.9403076171875,108.34893798828125,
311,182.96446482340494,6.194872220357259,89.50726318359375,0,91.687744140625,84.30377197265625,0,
1297,494.8131637573242,6.359699964523315,0,0,0,90.58837890625,208.003173828125,
308,101.96620407104493,5.3180500030517575,89.5780029296875,101.181396484375,76.9197998046875,79.02947998046875,86.4134521484375,
708,594.5855865478516,5.941679239273071,43.713653564453125,69.5667724609375,73.7552490234375,63.960906982421875,0,
366,182.96471214294434,6.375733256340027,79.52154541015625,89.97576904296875,93.79742431640625,0,100.4542236328125,
828,144.98424530029297,5.365949869155884,0,101.24005126953125,0,0,132.9945068359375,
387,787.6694946289062,5.257275104522705,75.08221435546875,89.81195068359375,0,0,0,
236,329.1614562988281,4.688273334503174,124.4112548828125,130.916748046875,124.7886962890625,152.3157958984375,405.8935546875,
345,101.96620407104493,5.166676712036133,82.9742431640625,87.47674560546875,72.1893310546875,87.2177734375,91.687744140625,
381,451.79155985514325,6.0108334223429365,76.48248291015625,0,0,84.18731689453125,109.13653564453125,
432,566.5514221191406,4.968945741653442,67.1468505859375,119.4417724609375,107.763916015625,61.293792724609375,0,
243,836.672597249349,4.999338785807292,118.34228515625,0,63.65863037109375,134.3612060546875,0,
549,874.7914428710938,5.436350107192993,55.036468505859375,0,60.563201904296875,0,0,
330,101.96636009216309,4.976883411407471,85.35858154296875,0,86.28033447265625,0,0,
449,801.6870727539062,5.714811007181804,65.24285888671875,71.18145751953125,71.4522705078125,0,0,
1194,528.4350891113281,4.806591749191284,0,0,46.396209716796875,0,107.70660400390625,
533,650.6457926432291,4.93910566965739,56.1231689453125,79.02947998046875,63.362030029296875,0,0,
856,451.79144287109375,6.41560423374176,0,81.74908447265625,80.5421142578125,95.7872314453125,122.74371337890625,
844,182.96429443359375,6.015599966049194,0,87.46832275390625,74.247314453125,0,0,
382,101.9661865234375,5.404004096984863,76.40875244140625,84.32061767578125,0,77.974609375,89.5780029296875,
297,111.01996040344238,4.975983262062073,93.77117919921875,92.01715087890625,82.78814697265625,0,123.96923828125,
295,182.96464920043945,5.979508399963379,93.82098388671875,88.52313232421875,0,0,0,
1298,98.9627456665039,5.092641830444336,0,0,0,89.5780029296875,114.7677001953125,
263,816.7047119140625,6.074016690254211,102.7034912109375,132.58984375,161.149658203125,135.5147705078125,0,
850,113.9649429321289,3.545383334159851,0,85.35858154296875,0,83.2489013671875,0,
405,496.4219970703125,4.761536598205566,70.6009521484375,54.9974365234375,66.19580078125,56.959625244140625,99.72259521484375,
288,648.6301116943359,5.488912582397461,94.852294921875,69.5667724609375,90.63287353515625,80.85650634765625,0,
375,787.6697692871094,4.830458402633667,77.66595458984375,0,0,59.643646240234375,0,
1313,396.2330780029297,5.025858163833618,0,0,0,60.340728759765625,83.58587646484375,
863,113.9649429321289,0.4705750048160553,0,80.02459716796875,0,82.13427734375,0,
1094,182.9641571044922,6.053699970245361,0,0,80.0843505859375,85.09930419921875,0,
546,787.6697235107422,5.310645818710327,55.089019775390625,48.3616943359375,67.141357421875,54.054901123046875,0,
380,835.6689376831055,5.111570715904236,76.66241455078125,83.6910400390625,107.81805419921875,92.79034423828125,0,
418,147.95471382141113,5.1095499992370605,69.5667724609375,59.225555419921875,60.20098876953125,0,86.8031005859375,
408,151.09821472167968,4.791639995574951,70.259765625,66.46441650390625,72.70037841796875,63.362030029296875,110.6497802734375,
574,837.6842244466146,5.985622088114421,52.993927001953125,0,82.19403076171875,53.96148681640625,0,
461,570.4588745117187,4.907899951934814,64.1793212890625,68.53265380859375,62.327911376953125,65.1165771484375,143.8458251953125,
1344,485.81268310546875,5.767950057983398,0,0,0,46.5496826171875,109.27972412109375,
498,439.3858337402344,4.80299186706543,59.2012939453125,0,0,0,163.4595947265625,
487,239.15064697265626,4.800303268432617,60.259674072265625,57.15728759765625,58.776275634765625,47.85015869140625,85.93194580078125,
422,658.5114517211914,4.851791620254517,69.33428955078125,76.9197998046875,63.362030029296875,0,141.2054443359375,
1132,485.81260172526044,6.280566692352295,0,0,55.536712646484375,48.5135498046875,101.89794921875,
1210,188.98165130615234,5.122991561889648,0,0,44.747772216796875,0,65.4302978515625,
1179,99.51177215576172,4.77263331413269,0,0,49.54833984375,61.21368408203125,0,
446,526.4332885742188,4.93114161491394,65.63214111328125,0,0,0,135.867431640625,
851,111.0198465983073,5.186988830566406,0,84.30377197265625,0,97.29144287109375,98.016845703125,
384,98.96276664733887,4.991495847702026,75.86492919921875,93.06005859375,0,102.5537109375,109.6805419921875,
434,556.4435272216797,4.7996416091918945,66.99810791015625,74.62481689453125,73.59423828125,68.91949462890625,0,
336,113.96501159667969,0.2836400032043457,84.30377197265625,90.41229248046875,65.32318115234375,167.34423828125,1903.50390625,
1112,205.0877685546875,4.634641647338867,0,0,65.4302978515625,0,149.6563720703125,
286,111.01996040344238,5.101424932479858,95.32769775390625,87.46832275390625,90.63287353515625,0,113.98626708984375,
858,182.96417744954428,6.258744398752849,0,81.13922119140625,89.50726318359375,94.59295654296875,0,
711,650.6457926432291,4.985972245534261,43.713653564453125,76.9197998046875,50.9525146484375,0,0,
404,173.96351114908853,6.468061129252116,70.6009521484375,73.7552490234375,0,0,85.35858154296875,
412,789.6800740559896,5.061949888865153,69.755615234375,0,83.55120849609375,74.43450927734375,0,
452,429.3136962890625,4.7581932067871096,65.02734375,58.175262451171875,60.070037841796875,64.30072021484375,105.20025634765625,
417,113.96511268615723,3.6675999760627747,69.56878662109375,85.35858154296875,65.4302978515625,72.70037841796875,0,
365,570.4589640299479,4.864372094472249,79.8740234375,0,96.6475830078125,0,171.453369140625,
326,98.96281051635742,4.915283203125,86.4134521484375,0,0,81.13922119140625,0,
395,482.407080078125,4.895626640319824,73.31097412109375,78.99884033203125,81.0926513671875,73.0777587890625,131.771728515625,
466,482.407080078125,4.930013275146484,63.4080810546875,71.6768798828125,61.72540283203125,60.35626220703125,113.51751708984375,
294,816.705067952474,6.114194393157959,93.8262939453125,0,99.38214111328125,140.183349609375,0,
391,173.9634033203125,6.454906749725342,74.4598388671875,59.225555419921875,71.6455078125,69.5667724609375,73.7552490234375,
621,173.9634033203125,6.416643333435059,49.91839599609375,53.738677978515625,73.38348388671875,67.49853515625,70.1820068359375,
388,799.6730041503906,4.807766556739807,74.937255859375,104.1966552734375,133.1339111328125,100.71099853515625,0,
300,111.01993255615234,4.912230014801025,92.7425537109375,106.45562744140625,86.4134521484375,95.9071044921875,119.73248291015625,
889,195.12437057495117,4.764033317565918,0,61.293792724609375,0,0,162.8359375,
617,575.4152282714844,4.806079864501953,50.273773193359375,51.6448974609375,52.23822021484375,50.0477294921875,85.81573486328125,
299,799.6730041503906,4.722450017929077,93.3795166015625,117.98223876953125,108.6041259765625,109.6805419921875,0,
293,144.9829330444336,5.441858530044556,93.838134765625,90.36309814453125,0,0,0,
305,799.6730041503906,4.8475000858306885,90.39947509765625,99.2261962890625,52.260650634765625,62.6080322265625,0,
398,113.96511268615723,3.5981541872024536,71.6455078125,83.18914794921875,67.49853515625,90.63287353515625,0,
394,451.79170989990234,6.268599987030029,73.37542724609375,0,0,0,109.04132080078125,
836,113.9649429321289,3.5165083408355713,0,94.79254150390625,0,112.5711669921875,0,
1290,98.9627456665039,5.031275033950806,0,0,0,101.9560546875,77.974609375,
834,144.98419189453125,5.8743414878845215,0,98.016845703125,92.3648681640625,0,0,
278,494.8129577636719,6.209061145782471,97.8031005859375,0,104.05804443359375,0,207.5330810546875,
339,570.4588745117187,4.918003273010254,83.78369140625,58.19140625,58.027984619140625,61.095428466796875,118.54156494140625,
882,611.6102905273438,4.967950105667114,0,66.46441650390625,63.362030029296875,0,0,
273,815.7001953125,5.029574871063232,99.29168701171875,0,0,112.1376953125,0,
599,227.1770896911621,6.093466758728027,51.542205810546875,0,0,0,75.54266357421875,
829,109.10178120930989,3.5606555143992105,0,101.118896484375,107.41998291015625,0,98.016845703125,
591,594.5855712890625,5.966244379679362,51.986663818359375,85.35858154296875,62.327911376953125,0,0,
840,494.8130798339844,6.388577779134114,0,89.75,0,95.3079833984375,205.6143798828125,
984,836.6715240478516,4.837424993515015,0,46.385467529296875,75.130859375,0,0,
915,279.1612014770508,4.634733200073242,0,56.1231689453125,0,0,136.322021484375,
472,271.18882751464844,4.300256633758545,62.327911376953125,70.3472900390625,64.39617919921875,70.6009521484375,157.5869140625,
341,111.02004623413086,5.070650100708008,83.3411865234375,0,0,0,100.12652587890625,
411,815.7001953125,5.118016719818115,70.03851318359375,0,0,98.4959716796875,0,
980,584.4738260904948,4.915005683898926,0,46.816009521484375,59.225555419921875,0,112.251220703125,
369,101.96626663208008,4.900599956512451,79.02947998046875,88.52313232421875,77.46356201171875,0,0,
312,182.96464347839355,6.180341601371765,89.4129638671875,0,87.46832275390625,97.3597412109375,87.11474609375,
868,130.15986251831055,5.977991819381714,0,75.821533203125,0,84.5252685546875,0,
747,341.25897216796875,4.766891717910767,40.859405517578125,0,0,0,114.0784912109375,
737,801.6867980957031,5.344512462615967,41.592926025390625,58.73974609375,97.6199951171875,70.93994140625,0,
354,98.96297073364258,5.242608308792114,81.4573974609375,0,0,0,80.9986572265625,
353,182.96440315246582,6.3335041999816895,81.63128662109375,90.63287353515625,98.43817138671875,92.08551025390625,0,
407,397.2187957763672,4.8765333493550616,70.28851318359375,83.1673583984375,68.53265380859375,0,0,
1200,185.9911003112793,5.0868916511535645,0,0,45.781890869140625,0,83.3106689453125,
456,510.4368133544922,4.920893287658691,64.5250244140625,54.69586181640625,66.10528564453125,58.04058837890625,190.561767578125,
283,144.98346455891928,5.58745002746582,96.710205078125,0,0,93.6934814453125,145.3428955078125,
749,800.6745910644531,4.840633392333984,40.77392578125,51.195068359375,0,47.77490234375,0,
1159,496.422124226888,4.940433343251546,0,0,51.986663818359375,47.738555908203125,123.66717529296875,
360,182.96440315246582,5.867195725440979,80.52923583984375,84.30377197265625,75.86492919921875,101.57916259765625,0,
1165,327.00936126708984,4.330358505249023,0,0,50.9525146484375,0,86.4134521484375,
1158,267.1728210449219,4.58947491645813,0,0,51.986663818359375,0,128.7725830078125,
290,494.8128967285156,6.1676084995269775,94.60687255859375,0,95.71875,0,0,
1337,273.1693344116211,6.4282917976379395,0,0,0,50.9525146484375,89.5780029296875,
401,556.4433186848959,4.821116765340169,71.6072998046875,55.588409423828125,0,0,111.3123779296875,
827,451.7913462320964,6.393394470214844,0,103.82843017578125,0,90.973876953125,113.76934814453125,
841,101.96612930297852,5.068022092183431,0,89.5780029296875,82.73785400390625,98.27734375,0,
926,536.4400024414062,6.146083354949951,0,52.95306396484375,140.4114990234375,0,0,
438,809.65185546875,5.086300015449524,66.2120361328125,78.65850830078125,81.31182861328125,76.5333251953125,0,
450,147.95461082458496,5.292195796966553,65.19671630859375,75.86492919921875,0,58.555145263671875,75.8011474609375,
1130,188.98165130615234,5.172250032424927,0,0,55.8514404296875,0,67.72991943359375,
901,173.9634043375651,6.254433314005534,0,58.8338623046875,58.19140625,0,53.020782470703125,
379,195.12451553344727,4.828258275985718,76.9197998046875,0,0,0,167.7469482421875,
655,823.6694488525391,5.451004147529602,46.889068603515625,46.762725830078125,76.07080078125,53.282684326171875,0,
879,810.6521606445312,4.94724178314209,0,69.07171630859375,0,68.289794921875,0,
389,182.96464347839355,6.11564576625824,74.81005859375,0,72.96331787109375,87.46832275390625,95.4754638671875,
329,835.6689376831055,5.025833368301392,85.9605712890625,111.787109375,115.39556884765625,108.86370849609375,0,
481,173.9634666442871,6.335112571716309,60.950408935546875,56.1231689453125,59.225555419921875,0,58.779388427734375,
484,835.6689376831055,5.153583288192749,60.375213623046875,73.876220703125,79.81231689453125,68.99029541015625,0,
853,367.19944254557294,4.779194355010986,0,83.2216796875,0,101.181396484375,128.28125,
1312,147.95465850830078,5.315133333206177,0,0,0,64.39617919921875,74.48101806640625,
1347,790.5966033935547,4.841233253479004,0,0,0,45.5328369140625,65.4302978515625,
1230,483.41162109375,4.857133150100708,0,0,42.30328369140625,0,76.8963623046875,
443,799.6730041503906,4.664695978164673,65.82110595703125,53.020782470703125,75.86492919921875,63.362030029296875,0,
589,371.26649780273436,3.25476336479187,51.986663818359375,55.792327880859375,80.0843505859375,74.81005859375,93.79742431640625,
376,438.3801155090332,4.8637375831604,77.614013671875,71.14556884765625,74.46807861328125,66.19171142578125,0,
350,113.96511268615723,3.572291672229767,82.19403076171875,102.01568603515625,65.4302978515625,96.96197509765625,0,
343,98.9628423055013,5.075183391571045,83.2489013671875,0,69.72222900390625,74.81005859375,0,
636,837.6839141845703,6.0021666288375854,48.88427734375,68.7142333984375,72.20367431640625,62.776763916015625,0,
454,482.8198496500651,5.280922253926595,64.73736572265625,65.60693359375,0,58.58636474609375,0,
695,788.6728973388672,5.27162504196167,44.43023681640625,0,45.96697998046875,0,0,
693,878.696647644043,5.315158247947693,44.540496826171875,44.654327392578125,62.866363525390625,51.14093017578125,0,
830,101.96614360809326,5.045641660690308,0,100.38702392578125,70.6009521484375,86.4134521484375,115.06268310546875,
493,485.8122100830078,6.081583261489868,59.371002197265625,0,63.744781494140625,0,0,
367,114.06724039713542,5.634438991546631,79.068603515625,0,105.40081787109375,79.9676513671875,0,
701,815.7001953125,4.812399864196777,43.9622802734375,0,0,135.0672607421875,0,
497,382.2263437906901,4.993133385976155,59.225555419921875,57.15728759765625,0,0,150.123779296875,
502,319.2855415344238,4.767058372497559,58.855316162109375,0,55.344696044921875,54.63134765625,217.2054443359375,
485,827.7044448852539,5.224004030227661,60.327911376953125,51.789306640625,82.19403076171875,58.068511962890625,0,
993,827.7056427001953,5.411508321762085,0,45.410400390625,0,42.45849609375,0,
1008,103.95896530151367,5.266208171844482,0,43.171630859375,0,0,53.020782470703125,
512,173.9634666442871,6.38655412197113,58.19140625,57.15728759765625,59.225555419921875,0,57.745269775390625,
1086,802.6905517578125,5.380725145339966,0,0,92.8936767578125,62.965362548828125,0,
590,540.4480590820312,4.934137463569641,51.986663818359375,53.020782470703125,54.054901123046875,49.8035888671875,0,
630,438.3801981608073,4.910388787587483,49.315185546875,0,51.681365966796875,63.95751953125,0,
548,468.3916931152344,4.816338857014974,55.083892822265625,64.04840087890625,60.82354736328125,0,0,
445,809.65185546875,5.044787526130676,65.6650390625,102.5457763671875,123.427978515625,70.27734375,0,
822,144.98419189453125,5.321633338928223,0,118.1104736328125,100.9471435546875,0,0,
355,816.6964340209961,4.850179314613342,81.34423828125,55.5667724609375,69.86431884765625,76.64678955078125,0,
653,527.4360275268555,4.859183311462402,47.010986328125,54.380218505859375,0,40.763458251953125,60.35614013671875,
528,827.7044448852539,5.242054224014282,56.647613525390625,49.86865234375,81.48858642578125,56.93719482421875,0,
601,816.7045084635416,6.2164387702941895,51.318206787109375,74.81005859375,66.46441650390625,0,0,
831,98.96256256103516,4.9682416915893555,0,100.12652587890625,0,97.87713623046875,0,
669,800.6745834350586,4.784274935722351,46.453857421875,61.040557861328125,62.06597900390625,73.773193359375,0,
564,227.17688751220703,5.7053916454315186,53.4757080078125,61.018218994140625,58.19140625,56.8817138671875,0,
750,823.6694488525391,5.51113748550415,40.752716064453125,57.068511962890625,66.98150634765625,43.571929931640625,0,
1248,622.6150817871094,5.517241477966309,0,0,40.61126708984375,48.88427734375,0,
1126,874.7907562255859,5.335599899291992,0,0,58.4190673828125,47.83209228515625,0,
504,113.96511268615723,0.4379916712641716,58.736602783203125,80.91864013671875,65.4302978515625,72.7518310546875,0,
662,273.1689910888672,6.245516538619995,46.816009521484375,0,0,53.4849853515625,0,
477,147.95456314086914,5.203125,61.20172119140625,52.3433837890625,0,0,0,
676,874.7910868326823,5.4118889172871905,45.945526123046875,0,59.392425537109375,64.00933837890625,0,
1111,485.81285095214844,5.866933345794678,0,0,65.80877685546875,0,123.258544921875,
397,113.96512222290039,0.5190750062465668,71.6455078125,68.41552734375,0,0,0,
931,479.82361602783203,5.735308408737183,0,52.382354736328125,51.646331787109375,0,0,
600,817.708984375,5.966875076293945,51.354095458984375,42.293212890625,0,0,0,
428,570.4587860107422,4.886299967765808,68.53265380859375,68.0946044921875,82.5799560546875,68.34869384765625,0,
820,835.6688842773438,5.041544437408447,0,123.50640869140625,124.7398681640625,107.804931640625,0,
612,147.95471382141113,4.912283301353455,50.830902099609375,63.299530029296875,51.509857177734375,0,84.99603271484375,
849,113.9649429321289,3.502058267593384,0,85.35858154296875,0,89.5780029296875,0,
490,452.3939971923828,4.906616687774658,59.86358642578125,61.1353759765625,70.30023193359375,0,0,
644,239.15063285827637,4.846549987792969,47.85015869140625,49.91839599609375,0,53.020782470703125,72.87420654296875,
296,114.0673713684082,5.486891746520996,93.79742431640625,0,111.83343505859375,0,0,
751,338.3436279296875,5.092308521270752,40.61126708984375,0,0,0,57.074554443359375,
1348,151.0982551574707,4.871916770935059,0,0,0,45.5108642578125,108.5220947265625,
441,338.3434539794922,4.858783435821533,66.03131103515625,62.327911376953125,61.293792724609375,64.39617919921875,126.502197265625,
566,827.7044448852539,5.371587634086609,53.1533203125,49.97869873046875,46.87799072265625,52.214996337890625,0,
847,113.9649429321289,3.4912333488464355,0,86.35369873046875,0,105.06890869140625,0,
541,644.4960510253907,4.805359935760498,55.176971435546875,45.844390869140625,53.374298095703125,48.46929931640625,78.825439453125,
572,648.6301116943359,5.539945840835571,53.020782470703125,61.293792724609375,66.46441650390625,64.90911865234375,0,
385,113.96511268615723,0.4171625077724457,75.86492919921875,72.70037841796875,66.3572998046875,74.81005859375,0,
667,874.7910868326823,5.3505222002665205,46.636688232421875,0,58.372100830078125,57.01861572265625,0,
645,556.4433746337891,4.864450097084045,47.85015869140625,49.563812255859375,54.36553955078125,0,98.972900390625,
639,173.9634033203125,6.183986759185791,48.57440185546875,67.10687255859375,65.4302978515625,74.81005859375,53.792877197265625,
1131,817.711181640625,6.060925006866455,0,0,55.544647216796875,44.747772216796875,0,
854,98.96273422241211,5.167099952697754,0,83.10919189453125,71.953369140625,83.25860595703125,81.13922119140625,
713,650.6457926432291,4.917444229125977,43.625640869140625,73.7552490234375,57.15728759765625,0,0,
908,146.96367390950522,5.029449939727783,0,57.15728759765625,0,57.15728759765625,75.8529052734375,
1157,217.10667419433594,6.1566832065582275,0,0,51.986663818359375,0,85.45648193359375,
656,835.6689376831055,5.236637473106384,46.8763427734375,54.341705322265625,48.0010986328125,52.205230712890625,0,
514,614.4852478027344,4.884796619415283,58.19140625,64.8779296875,60.2264404296875,64.39617919921875,126.76654052734375,
934,812.6953735351562,5.235949993133545,0,52.119049072265625,0,51.98394775390625,0,
521,128.07210540771484,0.7220499813556671,57.15728759765625,0,0,58.221893310546875,0,
523,787.6694946289062,5.348008394241333,56.904388427734375,66.60675048828125,0,0,0,
588,347.31702423095703,4.8537209033966064,51.986663818359375,0,51.986663818359375,53.506195068359375,294.689208984375,
560,405.3580131530762,4.92142915725708,54.029327392578125,0,57.15728759765625,65.4302978515625,157.248291015625,
415,496.42186737060547,4.900558233261108,69.6119384765625,0,84.222412109375,0,0,
902,147.95456186930338,5.357733408610026,0,58.811004638671875,0,65.30523681640625,80.77655029296875,
271,182.96441396077475,6.3946332931518555,100.12652587890625,88.92095947265625,0,91.0306396484375,0,
1148,801.6867065429688,5.312800168991089,0,0,53.066131591796875,51.041412353515625,0,
874,468.39161682128906,4.776050090789795,0,73.28521728515625,0,76.0574951171875,415.7509765625,
1156,168.98453521728516,6.460272153218587,0,0,51.986663818359375,48.010406494140625,58.19140625,
544,173.9634895324707,6.093108296394348,55.089019775390625,0,47.85015869140625,56.738372802734375,46.816009521484375,
419,226.1820037841797,3.992116641998291,69.5667724609375,65.4302978515625,74.81005859375,67.49853515625,157.3443603515625,
488,485.8121744791667,6.442694346110026,59.956756591796875,0,56.533416748046875,56.2335205078125,0,
1333,102.1282901763916,5.773366451263428,0,0,0,50.9525146484375,76.2803955078125,
626,837.6839141845703,5.9543375968933105,49.61810302734375,57.431427001953125,71.6455078125,64.046630859375,0,
357,130.16021728515625,6.334191560745239,81.13922119140625,0,80.0843505859375,0,0,
463,810.652109781901,5.013644377390544,64.0538330078125,68.950927734375,82.31109619140625,0,0,
532,173.96334838867188,6.21162223815918,56.1231689453125,55.089019775390625,57.826995849609375,0,0,
602,878.696647644043,5.277250051498413,51.297454833984375,50.688262939453125,65.22174072265625,75.1907958984375,0,
930,820.6021118164062,4.764750003814697,0,52.50372314453125,0,52.663970947265625,127.97979736328125,
1360,168.98450088500977,6.354283332824707,0,0,0,42.89453125,65.4302978515625,
649,878.6966044108073,5.347983360290527,47.718048095703125,42.9771728515625,54.622833251953125,0,0,
536,823.6669006347656,5.420108318328857,55.761138916015625,0,50.936279296875,0,0,
916,311.1858673095703,4.354349851608276,0,56.078582763671875,0,67.1668701171875,0,
677,512.4175415039062,4.882650136947632,45.857421875,45.96466064453125,0,51.36761474609375,88.19647216796875,
453,87.04441261291504,4.0728665590286255,64.81756591796875,66.46441650390625,0,60.259674072265625,158.4427490234375,
476,195.12416076660156,5.771416664123535,61.293792724609375,59.225555419921875,0,0,0,
539,512.4174682617188,4.853006649017334,55.304931640625,53.087249755859375,48.8948974609375,58.25628662109375,88.04071044921875,
838,111.01991271972656,5.156711260477702,0,90.63287353515625,81.7332763671875,0,108.96820068359375,
489,836.6716512044271,5.114316622416179,59.928253173828125,48.60040283203125,51.062744140625,0,0,
1097,809.6516723632812,5.099958181381226,0,0,73.8355712890625,58.66693115234375,0,
467,801.6873321533203,5.7352166175842285,62.916412353515625,0,69.7823486328125,0,0,
637,837.6839141845703,6.061737418174744,48.804168701171875,44.0997314453125,59.330078125,54.054901123046875,0,
646,584.4741821289062,4.899845838546753,47.85015869140625,69.5667724609375,53.020782470703125,62.327911376953125,0,
459,102.12834548950195,6.280808210372925,64.39617919921875,49.91839599609375,0,0,0,
627,99.5118537902832,4.800303268432617,49.58245849609375,68.53265380859375,57.15728759765625,62.247802734375,45.781890869140625,
458,835.6689147949219,5.194277922312419,64.4764404296875,47.82330322265625,0,61.088714599609375,0,
577,173.96334838867188,6.121344407399495,52.67742919921875,52.70452880859375,56.1231689453125,0,0,
538,425.2252960205078,4.989583333333333,55.315155029296875,52.870635986328125,41.96234130859375,0,0,
1346,614.4854125976562,4.977083444595337,0,0,0,45.863861083984375,84.20721435546875,
890,600.4700775146484,4.816766738891602,0,61.293792724609375,46.816009521484375,46.816009521484375,117.6270751953125,
1304,331.2105712890625,3.6085166931152344,0,0,0,78.21405029296875,99.0716552734375,
861,182.96429443359375,5.829216718673706,0,80.0843505859375,82.123291015625,0,0,
700,466.4104919433594,4.892013359069824,44.037750244140625,50.699798583984375,50.39764404296875,48.8431396484375,49.98199462890625,
291,182.96446482340494,6.104566733042399,94.28948974609375,0,82.19403076171875,89.97576904296875,0,
501,801.6867980957031,5.757995843887329,58.88677978515625,70.59893798828125,50.9525146484375,51.986663818359375,0,
606,837.6831665039062,6.099162578582764,51.05706787109375,46.307464599609375,54.054901123046875,40.052154541015625,0,
666,809.65185546875,5.137104153633118,46.711822509765625,49.025115966796875,45.458770751953125,73.66815185546875,0,
748,874.7910868326823,5.499738852183024,40.797088623046875,0,87.26934814453125,52.503143310546875,0,
720,622.6142578125,5.558920741081238,43.11956787109375,50.975006103515625,63.362030029296875,46.816009521484375,0,
570,217.10675811767578,5.794691562652588,53.020782470703125,0,0,0,79.17095947265625,
1024,816.7048136393229,6.289905548095703,0,41.6453857421875,41.6453857421875,50.9525146484375,0,
1233,483.82054138183594,6.334141731262207,0,0,41.839874267578125,0,62.510101318359375,
1135,479.8239974975586,5.396541595458984,0,0,55.267578125,0,89.883544921875,
368,98.96294911702473,5.570383389790853,79.02947998046875,0,66.619873046875,0,89.5780029296875,
331,101.96620407104493,5.213623332977295,85.2254638671875,80.1011962890625,66.46441650390625,87.2177734375,84.30377197265625,
529,99.5118522644043,5.097987532615662,56.1231689453125,49.91839599609375,0,48.88427734375,42.053436279296875,
721,338.3433074951172,5.058116674423218,42.953094482421875,0,62.327911376953125,0,0,
334,114.06723403930664,5.423816680908203,84.80426025390625,64.052978515625,0,0,0,
547,799.6727905273438,4.649233341217041,55.089019775390625,51.986663818359375,0,0,0,
1004,823.6706136067709,5.530989011128743,0,43.49462890625,52.22235107421875,53.85821533203125,0,
510,99.5118537902832,4.743866634368897,58.19140625,54.054901123046875,43.00762939453125,59.225555419921875,45.781890869140625,
974,773.6554972330729,4.718005498250325,0,47.85015869140625,62.327911376953125,45.747833251953125,0,
562,438.3801155090332,4.890816569328308,53.837371826171875,51.968414306640625,54.59600830078125,51.986663818359375,0,
475,99.51189708709717,4.726895689964294,61.293792724609375,0,60.259674072265625,53.020782470703125,43.713653564453125,
888,112.01756286621094,4.840983152389526,0,61.293792724609375,0,0,47.871429443359375,
619,122.09778849283855,6.307761192321777,49.91839599609375,44.747772216796875,47.424285888671875,0,0,
1239,648.6305541992188,5.6880998611450195,0,0,41.629425048828125,48.88427734375,0,
1031,701.4937133789062,3.664699912071228,0,40.61126708984375,0,0,59.225555419921875,
907,147.95458602905273,5.237458229064941,0,57.5650634765625,51.986663818359375,0,0,
604,614.4852478027344,4.907896709442139,51.157928466796875,55.089019775390625,60.259674072265625,57.96978759765625,102.6483154296875,
556,622.6142578125,5.5408501625061035,54.054901123046875,45.781890869140625,58.00830078125,55.089019775390625,0,
922,566.5504455566406,5.016683340072632,0,54.054901123046875,40.61126708984375,0,0,
1186,168.98453521728516,6.427022298177083,0,0,47.85015869140625,45.781890869140625,68.53265380859375,
337,182.96441396077475,6.1371833483378095,84.30377197265625,86.1541748046875,0,96.304931640625,0,
1026,746.5676422119141,4.851808309555054,0,40.915496826171875,0,0,64.8775634765625,
399,799.6733194986979,4.678238868713379,71.6455078125,0,75.86492919921875,73.7552490234375,0,
998,708.5122528076172,5.97760009765625,0,44.747772216796875,0,0,55.853118896484375,
696,837.6847076416016,4.900558233261108,44.33502197265625,0,53.243988037109375,0,0,
465,512.4173583984375,4.8303292989730835,63.523223876953125,56.051544189453125,48.6160888671875,62.595428466796875,0,
623,802.6904602050781,5.635416746139526,49.91839599609375,0,77.70831298828125,0,0,
954,622.6143086751302,5.571933269500732,0,49.91839599609375,71.6455078125,44.747772216796875,0,
457,823.6694488525391,5.489812612533569,64.50140380859375,46.727752685546875,64.20135498046875,53.599365234375,0,
755,827.7044448852539,5.313349962234497,40.51568603515625,50.743011474609375,68.85345458984375,40.21099853515625,0,
1138,878.6953735351562,5.214191675186157,0,0,54.6510009765625,53.712860107421875,0,
688,874.7914428710938,5.537958383560181,44.962921142578125,0,69.919189453125,0,0,
722,799.6730041503906,4.870041608810425,42.9315185546875,68.0499267578125,61.362152099609375,61.95379638671875,0,
1227,168.98453521728516,6.39573319753011,0,0,42.679534912109375,41.6453857421875,61.293792724609375,
1351,112.0175724029541,5.320549964904785,0,0,0,44.747772216796875,41.66668701171875,
624,837.6831665039062,6.049100041389465,49.786895751953125,62.327911376953125,56.287384033203125,54.054779052734375,0,
629,874.7910868326823,5.4684499104817705,49.351226806640625,0,59.656646728515625,68.0145263671875,0,
530,102.12836170196533,5.4210041761398315,56.1231689453125,55.089019775390625,54.054901123046875,0,76.9197998046875,
505,836.6729125976562,5.058449983596802,58.724090576171875,0,0,60.557891845703125,0,
1147,435.3036880493164,4.891858339309692,0,0,53.39349365234375,52.20855712890625,0,
668,659.5127563476562,4.84089994430542,46.5635986328125,0,0,0,52.8447265625,
515,454.7900695800781,5.485091686248779,58.058990478515625,0,52.58251953125,0,0,
571,259.16780853271484,2.870608329772949,53.020782470703125,0,0,56.0328369140625,0,
1171,453.3538818359375,4.886066436767578,0,0,50.172821044921875,0,81.73553466796875,
421,496.421869913737,4.917611122131348,69.4180908203125,0,52.980743408203125,73.094482421875,0,
894,147.95469919840494,5.037649949391683,0,60.259674072265625,56.9237060546875,0,92.41351318359375,
1128,188.98165130615234,4.918558359146118,0,0,56.938140869140625,0,88.52313232421875,
939,810.6518859863281,5.054777940114339,0,51.316864013671875,57.9254150390625,53.3109130859375,0,
486,209.19139289855957,4.454745888710022,60.259674072265625,68.35833740234375,0,60.259674072265625,95.9071044921875,
563,650.6457926432291,4.901799996693929,53.803009033203125,67.66845703125,65.34228515625,0,0,
990,100.9592399597168,5.009799957275391,0,45.781890869140625,0,50.257110595703125,0,
903,112.01758702596028,4.856011072794597,0,58.19140625,47.85015869140625,0,54.054901123046875,
699,556.4435272216797,4.890775084495544,44.087493896484375,43.34326171875,0,42.470428466796875,94.6143798828125,
483,485.8116149902344,6.142483472824097,60.715850830078125,55.908599853515625,0,0,0,
1151,614.4852701822916,4.92840560277303,0,0,53.020782470703125,48.88427734375,84.0361328125,
1092,98.96279907226562,5.461160977681478,0,0,80.56060791015625,87.32861328125,87.92547607421875,
1021,540.4476623535156,4.956266641616821,0,41.6453857421875,0,47.85015869140625,0,
598,468.3916130065918,4.848183274269104,51.5440673828125,55.892181396484375,44.255584716796875,0,84.04254150390625,
1140,273.1689910888672,6.39769983291626,0,0,54.054901123046875,50.9525146484375,0,
972,185.99099349975586,5.266199827194214,0,47.85015869140625,0,0,85.31573486328125,
580,452.39391072591144,4.923627694447835,52.535736083984375,0,47.212371826171875,54.27239990234375,0,
582,99.5118776957194,4.874294439951579,51.986663818359375,0,40.420379638671875,46.816009521484375,0,
633,99.5118522644043,5.111525058746338,48.88427734375,47.62506103515625,0,48.88427734375,46.816009521484375,
869,113.96513366699219,3.73152494430542,0,74.81005859375,62.327911376953125,0,0,
893,773.6550903320312,4.786875009536743,0,60.892486572265625,56.488128662109375,0,0,
728,801.6867980957031,5.775145888328552,42.155670166015625,51.740325927734375,48.54949951171875,47.85015869140625,0,
680,512.4175415039062,4.906116604804993,45.781890869140625,48.81256103515625,0,42.679534912109375,87.2288818359375,
933,799.67236328125,4.8934166431427,0,52.14410400390625,42.45703125,0,0,
912,827.7051900227865,5.184677759806315,0,56.2669677734375,62.569915771484375,42.201812744140625,0,
673,452.3941650390625,4.937496757507324,46.15618896484375,48.788818359375,40.994964599609375,43.784332275390625,88.6820068359375,
1235,168.98453521728516,6.437405586242676,0,0,41.65594482421875,44.747772216796875,59.225555419921875,
524,102.12844657897949,6.029858350753784,56.853424072265625,0,0,0,81.13922119140625,
736,799.6730041503906,4.629491686820984,41.6453857421875,41.6453857421875,45.3721923828125,54.9219970703125,0,
731,510.4368133544922,4.898510074615478,41.945159912109375,40.065704345703125,41.6453857421875,52.865509033203125,156.8857421875,
583,102.12838363647461,5.809972286224365,51.986663818359375,0,0,56.1231689453125,79.02947998046875,
753,837.6831665039062,6.120300054550171,40.61126708984375,49.2864990234375,48.855987548828125,53.020782470703125,0,
508,454.7900695800781,6.298041820526123,58.456634521484375,0,45.225311279296875,0,0,
596,650.6457926432291,4.960699876149495,51.72265625,79.02947998046875,71.47808837890625,0,0,
506,827.7044448852539,5.276350021362305,58.699432373046875,58.708465576171875,70.22064208984375,64.02496337890625,0,
511,99.5118537902832,4.785140037536621,58.19140625,56.451171875,64.39617919921875,64.39617919921875,48.88427734375,
625,217.10654830932617,6.343429207801819,49.673553466796875,50.9525146484375,46.816009521484375,54.63836669921875,0,
569,173.96329879760742,5.945291638374329,53.020782470703125,47.85015869140625,49.553985595703125,59.225555419921875,0,
866,451.79154205322266,5.476191759109497,0,77.974609375,71.7210693359375,0,0,
647,658.5115417480469,4.889123344421387,47.85015869140625,40.468841552734375,47.52728271484375,44.747772216796875,115.325439453125,
1017,468.3915201822917,4.888533274332683,0,42.26025390625,42.793731689453125,0,84.04254150390625,
522,454.7897237141927,6.422244389851888,57.11962890625,0,54.63201904296875,62.041778564453125,0,
1224,217.10663350423178,6.374072233835856,0,0,43.27313232421875,51.511199951171875,80.99322509765625,
892,227.17686080932617,5.867116689682007,0,61.118865966796875,63.362030029296875,0,0,
519,479.8238716125488,6.337091565132141,57.616119384765625,47.323883056640625,48.93359375,63.16534423828125,0,
1018,628.5011291503906,4.911474943161011,0,41.72479248046875,40.244781494140625,0,0,
961,622.6143341064453,5.597599983215332,0,49.03790283203125,55.089019775390625,0,0,
370,799.6736450195312,4.689183235168457,78.611572265625,0,0,71.6455078125,0,
474,874.7910868326823,5.248372236887614,61.7335205078125,0,46.505523681640625,55.23284912109375,0,
525,173.9634033203125,6.30757999420166,56.73370361328125,49.5267333984375,49.189544677734375,60.8748779296875,59.225555419921875,
989,99.51168251037598,5.314700126647949,0,45.781890869140625,0,40.38616943359375,0,
517,227.17710494995117,5.565033435821533,57.741058349609375,0,51.986663818359375,0,0,
1009,540.4476928710938,5.277174949645996,0,42.848480224609375,51.986663818359375,0,0,
1168,454.78936767578125,6.368816614151001,0,0,50.5841064453125,63.65338134765625,0,
992,801.6869964599609,5.798533201217651,0,45.781890869140625,43.713653564453125,0,0,
716,422.38127517700195,4.871670722961426,43.24853515625,40.7735595703125,43.109100341796875,0,58.210418701171875,
575,878.6966044108073,5.291555563608806,52.96820068359375,41.985809326171875,60.790557861328125,0,0,
632,99.5118537902832,4.826293277740478,48.88427734375,53.020782470703125,46.816009521484375,62.327911376953125,43.713653564453125,
553,874.7914428710938,5.221083164215088,54.230926513671875,0,48.23895263671875,0,0,
917,801.6869964599609,5.823800086975098,0,55.792694091796875,40.52349853515625,0,0,
697,827.7037150065104,5.357616583506267,44.326995849609375,52.062713623046875,55.028533935546875,0,0,
534,874.7910868326823,5.286872227986653,56.122222900390625,0,54.86285400390625,57.008148193359375,0,
887,454.7893524169922,6.04087495803833,0,61.60845947265625,49.91839599609375,0,0,
876,703.5473937988281,4.83073886235555,0,72.70037841796875,53.804290771484375,0,61.1978759765625,
698,424.3648223876953,4.811433474222819,44.171844482421875,0,48.498291015625,0,64.32623291015625,
551,823.6694488525391,5.467249870300293,54.78143310546875,49.220458984375,63.049072265625,51.701385498046875,0,
996,100.9592399597168,5.118099927902222,0,45.08648681640625,0,43.713653564453125,0,
565,485.8119430541992,6.393070936203003,53.25091552734375,67.2373046875,62.424560546875,51.80999755859375,0,
1163,394.3527069091797,4.864358186721802,0,0,50.999664306640625,0,43.507965087890625,
1164,188.98165130615234,5.0543999671936035,0,0,50.9525146484375,0,71.6455078125,
1129,773.6557159423828,4.799758434295654,0,0,56.640228271484375,41.1717529296875,0,
1234,112.01751708984375,5.072883129119873,0,0,41.70599365234375,54.054901123046875,0,
1142,702.5376180013021,4.859783331553142,0,0,54.054901123046875,46.816009521484375,81.03985595703125,
622,658.5115417480469,4.8732400894165036,49.91839599609375,57.002288818359375,65.8934326171875,53.020782470703125,130.1326904296875,
937,364.3392105102539,4.869133353233337,0,51.986663818359375,41.6453857421875,44.432708740234375,168.821044921875,
663,874.7910614013672,5.271916627883911,46.75482177734375,0,0,53.503570556640625,0,
723,837.6842244466146,5.930211067199707,42.89959716796875,0,56.1971435546875,40.79388427734375,0,
975,217.10648091634116,5.7050557136535645,0,47.37469482421875,43.46881103515625,45.686859130859375,0,
997,122.09771982828777,6.214222272237142,0,44.747772216796875,45.781890869140625,54.054901123046875,0,
495,173.96351114908853,6.034772237141927,59.225555419921875,50.9525146484375,0,0,57.15728759765625,
359,391.3400192260742,4.918441653251648,80.9007568359375,43.327606201171875,0,41.6453857421875,59.6397705078125,
557,648.6303100585938,5.469649950663249,54.054901123046875,0,45.721588134765625,51.986663818359375,0,
559,227.17682902018228,6.135977745056152,54.04913330078125,53.020782470703125,0,57.15728759765625,0,
943,173.96310424804688,6.229408264160156,0,50.9525146484375,0,67.49853515625,0,
665,217.10662841796875,6.44510539372762,46.72430419921875,0,43.713653564453125,48.88427734375,0,
634,364.33788045247394,4.8584221204121905,48.88427734375,40.253753662109375,0,0,187.9161376953125,
568,125.97612571716309,5.085525035858154,53.020782470703125,0,0,55.089019775390625,0,
1169,773.6557159423828,4.739716529846191,0,0,50.465423583984375,55.461395263671875,0,
586,217.1065470377604,6.284144401550293,51.986663818359375,41.993896484375,40.61126708984375,0,0,
952,217.10653686523438,6.051616668701172,0,49.91839599609375,0,0,81.80487060546875,
1228,760.587646484375,4.9952168464660645,0,0,42.679534912109375,44.64666748046875,0,
1003,540.4476623535156,4.7637083530426025,0,43.713653564453125,0,40.90380859375,0,
936,125.97587585449219,5.520950078964233,0,51.986663818359375,0,60.0355224609375,0,
640,273.1689910888672,6.194983243942261,48.4453125,0,0,47.85015869140625,0,
615,810.6522521972656,4.893625020980835,50.409637451171875,0,0,54.658203125,0,
714,122.09781265258789,5.814541578292847,43.377166748046875,0,0,0,75.7041015625,
689,99.51188659667969,5.165416717529297,44.747772216796875,0,0,43.713653564453125,0,
752,584.4741668701172,4.931383371353149,40.61126708984375,45.781890869140625,0,48.88427734375,81.40069580078125,
650,452.39217376708984,4.791424989700317,47.68719482421875,0,54.28289794921875,47.533538818359375,76.24517822265625,
579,874.7910868326823,5.370977719624837,52.590606689453125,0,62.1453857421875,61.641693115234375,0,
609,556.4435272216797,4.84835422039032,50.9525146484375,43.72906494140625,0,49.64239501953125,84.4429931640625,
509,809.65185546875,5.114283442497253,58.22406005859375,45.720458984375,69.863525390625,45.797119140625,0,
862,663.4572143554688,5.9518998463948565,0,80.0843505859375,0,54.054901123046875,45.781890869140625,
1011,185.9909896850586,4.929444630940755,0,42.679534912109375,55.089019775390625,0,85.9468994140625,
660,99.5118179321289,4.998233318328857,46.816009521484375,42.599395751953125,0,54.928802490234375,0,
962,615.4889526367188,4.851194381713867,0,48.960845947265625,40.61126708984375,0,60.704681396484375,
958,239.1506144205729,4.859616597493489,0,49.62677001953125,41.6453857421875,0,70.6009521484375,
746,760.5850341796875,4.890573310852051,41.210052490234375,48.616485595703125,51.38720703125,48.6748046875,45.39459228515625,
741,789.6797790527344,5.121166706085205,41.408935546875,63.697845458984375,52.5982666015625,41.763427734375,0,
740,468.39165954589845,4.860226726531982,41.460418701171875,40.818145751953125,50.415740966796875,55.150054931640625,79.43939208984375,
927,816.7044830322266,4.9862916469573975,0,52.879058837890625,0,44.1080322265625,0,
439,482.8201599121094,5.5491249561309814,66.047607421875,0,0,67.35235595703125,0,
410,878.696647644043,5.262812614440918,70.0404052734375,50.2606201171875,72.94281005859375,57.88433837890625,0,
594,878.696647644043,5.229420900344849,51.89849853515625,46.59759521484375,51.351104736328125,57.256744384765625,0,
682,879.7180887858073,5.2736334800720215,45.740203857421875,0,47.30010986328125,44.822021484375,0,
607,99.51182842254639,4.961737513542175,50.9525146484375,55.089019775390625,48.54833984375,50.9525146484375,0,
909,173.9634043375651,6.3631165822347,0,57.15728759765625,53.020782470703125,0,68.2706298828125,
1199,125.97600555419922,5.730133533477783,0,0,45.781890869140625,49.91839599609375,0,
1232,790.6698913574219,4.922541618347168,0,0,42.035247802734375,51.58612060546875,0,
886,788.673105875651,5.234016577402751,0,61.80767822265625,58.36627197265625,53.434539794921875,0,
543,102.12850189208984,6.174833297729492,55.089019775390625,0,61.293792724609375,0,0,
1203,438.3802490234375,4.94676661491394,0,0,45.63470458984375,0,79.51727294921875,
949,827.7056427001953,5.212483167648315,0,50.220245361328125,0,48.367218017578125,0,
971,823.6695251464844,5.561508417129517,0,48.251068115234375,44.60662841796875,0,0,
970,173.9631805419922,5.8402055104573565,0,48.568023681640625,54.054901123046875,64.59246826171875,0,
436,173.96334838867188,6.1550666491190595,66.46441650390625,49.91839599609375,48.88427734375,0,0,
938,227.1766700744629,5.214283227920532,0,51.435516357421875,0,54.054901123046875,0,
742,217.10665130615234,5.766200065612793,41.400543212890625,0,0,42.679534912109375,0,
1237,773.6557159423828,4.681958198547363,0,0,41.6453857421875,48.88427734375,0,
715,217.10675811767578,5.848841667175293,43.353485107421875,0,0,0,81.3221435546875,
904,146.96348190307617,5.21221661567688,0,58.0440673828125,46.412322998046875,49.707244873046875,52.039337158203125,
678,217.10654830932617,6.231904149055481,45.781890869140625,47.63995361328125,50.9525146484375,41.039642333984375,0,
919,173.96310424804688,5.791599988937378,0,55.089019775390625,0,54.67010498046875,0,
1191,217.1065673828125,6.417558431625366,0,0,46.816009521484375,48.88427734375,0,
911,594.5851135253906,6.01200008392334,0,57.15728759765625,50.9525146484375,0,0,
957,827.7056427001953,5.391649961471558,0,49.70556640625,0,41.128326416015625,0,
1362,168.98450088500977,6.3289666175842285,0,0,0,42.679534912109375,45.781890869140625,
991,112.01747131347656,5.090883255004883,0,45.781890869140625,41.6453857421875,45.781890869140625,0,
494,147.95456314086914,4.998641729354858,59.225555419921875,62.327911376953125,0,0,0,
692,650.6457926432291,4.877738952636719,44.747772216796875,57.15728759765625,50.9525146484375,0,0,
460,454.7897186279297,6.232733249664307,64.24920654296875,57.3724365234375,0,0,0,
513,195.1243019104004,5.809224843978882,58.19140625,0,64.39617919921875,0,0,
442,827.7037150065104,5.260266621907552,65.83282470703125,54.970245361328125,55.96380615234375,0,0,
679,273.16883850097656,6.039083242416382,45.781890869140625,63.362030029296875,0,0,0,
683,99.51188468933105,5.0166916847229,45.59100341796875,43.713653564453125,0,0,0,
944,191.1812858581543,4.45728325843811,0,50.9525146484375,0,0,57.15728759765625,
710,628.5013000488282,4.892736625671387,43.713653564453125,59.103912353515625,55.089019775390625,44.747772216796875,136.6796875,
1006,185.99087524414062,4.9096667766571045,0,43.35076904296875,52.553131103515625,0,0,
884,273.1688537597656,6.115599870681763,0,62.327911376953125,0,47.608795166015625,0,
964,173.96319580078125,5.859899997711182,0,48.88427734375,51.986663818359375,0,0,
756,450.32508850097656,4.770833253860474,40.32763671875,0,0,42.731292724609375,0,
877,594.5852864583334,5.990499973297119,0,69.5667724609375,60.259674072265625,42.679534912109375,0,
744,835.6689147949219,5.25564448038737,41.24005126953125,46.907958984375,0,41.19012451171875,0,
729,817.7098185221354,6.02400000890096,42.08624267578125,49.265625,56.652191162109375,0,0,
730,874.7910614013672,5.199716567993164,41.945770263671875,0,0,46.003143310546875,0,
620,146.96297709147134,5.305994351704915,49.91839599609375,40.260772705078125,57.15728759765625,0,0,
969,273.1690864562988,5.917566537857056,0,48.740814208984375,49.995452880859375,53.690948486328125,89.4976806640625,
535,827.7037150065104,5.34677775700887,56.07061767578125,54.070556640625,60.002716064453125,0,0,
1215,168.98453521728516,6.449883460998535,0,0,43.713653564453125,54.054901123046875,60.31439208984375,
1032,540.4476928710938,5.235658407211304,0,40.384918212890625,48.88427734375,0,0,
641,827.7037150065104,5.165172259012858,48.412445068359375,40.155303955078125,44.08477783203125,0,0,
555,173.96328735351562,6.057888825734456,54.054901123046875,56.1231689453125,0,61.90899658203125,0,
1372,122.09770965576172,5.742683172225952,0,0,0,40.61126708984375,76.9197998046875,
426,146.96385192871094,5.374983310699463,68.53265380859375,0,46.19921875,0,0,
628,479.8241271972656,6.117266654968262,49.523529052734375,0,0,48.2794189453125,0,
726,209.1910171508789,4.437416712443034,42.679534912109375,41.6453857421875,0,0,61.293792724609375,
516,173.96334838867188,6.001138846079509,57.848052978515625,54.054901123046875,51.986663818359375,0,0,
1020,103.95896530151367,5.4002416133880615,0,41.6453857421875,0,0,55.089019775390625,
430,837.6847076416016,4.877041578292847,67.49456787109375,0,50.963470458984375,0,0,
925,227.1766700744629,5.380825042724609,0,53.020782470703125,0,56.1231689453125,0,
671,874.7910868326823,5.613988876342773,46.32440185546875,0,57.830596923828125,50.121307373046875,0,
611,874.7910868326823,5.39263900121053,50.854583740234375,0,50.2322998046875,55.636444091796875,0,
735,377.3273671468099,4.856011072794597,41.67120361328125,44.09307861328125,0,0,70.81463623046875,
1015,100.9592399597168,4.968199968338013,0,42.3560791015625,0,41.6453857421875,0,
613,99.51187642415364,4.925866762797038,50.58245849609375,60.259674072265625,41.6453857421875,0,0,
956,799.6729125976562,4.60794997215271,0,49.91839599609375,0,40.61126708984375,0,
718,874.7910868326823,5.557433287302653,43.1551513671875,0,60.8243408203125,56.121124267578125,0,
672,512.4174194335938,4.870644410451253,46.297882080078125,0,49.91839599609375,46.816009521484375,0,
554,173.9636027018229,6.019061088562012,54.054901123046875,0,53.020782470703125,0,47.85015869140625,
948,540.4479370117188,4.920077800750732,0,50.264892578125,56.1231689453125,55.089019775390625,0,
1133,485.81227111816406,6.352575063705444,0,0,55.53509521484375,51.8359375,0,
932,483.81993103027344,6.153216600418091,0,52.28717041015625,0,0,66.3590087890625,
581,485.8121643066406,6.2163777351379395,52.52874755859375,54.197357177734375,0,0,107.379150390625,
597,173.9634017944336,5.719266653060913,51.61614990234375,0,0,60.259674072265625,0,
576,485.8122100830078,5.411083221435547,52.905731201171875,0,55.776580810546875,0,0,
705,99.5118179321289,5.040350119272868,43.713653564453125,51.986663818359375,0,47.85015869140625,0,
631,760.5865885416666,4.903199990590413,49.095611572265625,46.72674560546875,0,42.331390380859375,0,
616,479.8240712483724,6.353522141774495,50.35675048828125,50.300567626953125,53.22216796875,0,0,
734,466.41050211588544,4.841577847798665,41.7005615234375,40.819580078125,0,0,65.64306640625,
1371,443.3355941772461,4.843033313751221,0,0,0,41.01531982421875,41.27703857421875,
1196,435.3036880493164,4.866541624069214,0,0,45.96282958984375,41.564849853515625,0,
652,99.51187642415364,4.8873610496521,47.33514404296875,48.88427734375,54.348907470703125,0,0,
977,103.95896530151367,5.184983491897583,0,46.816009521484375,0,0,54.054901123046875,
978,146.96206665039062,5.461758375167847,0,46.816009521484375,53.020782470703125,0,0,
1029,99.5117416381836,5.064411004384358,0,40.61126708984375,40.61126708984375,48.88427734375,0,
899,812.6953735351562,5.223316669464111,0,59.18731689453125,0,41.528717041015625,0,
659,99.5119743347168,4.9877166748046875,46.816009521484375,0,42.3094482421875,0,0,
923,146.96485900878906,5.513341665267944,0,53.651214599609375,0,0,49.1956787109375,
738,878.6956481933594,5.203849792480469,41.56475830078125,0,49.6094970703125,42.162200927734375,0,
542,835.6689376831055,5.219491600990295,55.1053466796875,42.77703857421875,51.4600830078125,44.48895263671875,0,
704,452.3932189941406,5.360633373260498,43.775909423828125,45.458953857421875,0,0,0,
1353,790.5966033935547,4.870108366012573,0,0,0,44.681976318359375,42.05902099609375,
724,122.09770965576172,6.121477762858073,42.679534912109375,46.816009521484375,0,43.713653564453125,0,
520,452.3932189941406,5.6806416511535645,57.166595458984375,43.713653564453125,0,0,0,
1167,837.6834716796875,4.913525104522705,0,0,50.90185546875,46.23419189453125,0,
754,452.39427185058594,4.977488835652669,40.609710693359375,42.25164794921875,0,0,63.395782470703125,
1160,146.96210479736328,5.275558233261108,0,0,51.55120849609375,40.7393798828125,0,
1240,879.7203216552734,5.395166635513306,0,0,41.381866455078125,53.025390625,0,
1209,879.7203216552734,5.380724906921387,0,0,44.982208251953125,53.025390625,0,
