	name	fold	log2fold	tstat	pvalue	qvalue	updown	mzmed	mzmin	mzmax	rtmed	rtmin	rtmax	npeaks	serum_pos_ab_zip	serum_pos_aw_zip	maxint	mean1	sd1	mean2	sd2	10102016-012	10102016-016	10102016-020	10102016-027	10102016-033	10102016-035	10102016-039	10102016-040	10102016-041	10102016-046	10102016-057	10102016-066	10102016-067	10102016-070	10102016-014	10102016-015	10102016-018	10102016-019	10102016-036	10102016-037	10102016-038	10102016-045	10102016-050	10102016-054	10102016-056	10102016-059	10102016-063	10102016-072	isotopes	adduct	pcgroup
1	M788T6	1.29247976177707	-0.370141690356492	-2.66616280129033	0.0130214864430005	1	DOWN	787.606650957265	787.603578428761	787.609269114608	5.77579983666667	5.75564985666667	5.83189988333333	34	14	14	6194.53125	16455.2720610322	3743.31988687543	12731.5510444878	3646.47174935677	23619.2980289243	16243.2080789422	16460.185630526	19916.4337357142	15058.3283492296	14446.4572001298	9684.7018110757	17114.1718059383	15377.0752531889	10033.4159558692	16333.9658341915	21091.1250957339	17012.7912245723	17982.6508504151	19216.1936153846	10294.0699066833	17438.6341333781	12900.4497441721	13700.3928489106	6857.30995135575	10997.0938549775	15746.6624338284	10095.955555919	15142.3704051927	6994.62124979977	14318.4684696581	14075.370311763	10464.1221418067	[17][M+1]+		3
2	M784T5	1.23440092946689	-0.303811053327809	-2.39453686331814	0.0242301453762002	1	DOWN	783.575039668554	783.571011982944	783.57962127656	5.38726643333333	5.29201663333333	5.41316651666667	41	14	13	4347.04296875	12028.1956716917	2653.58243760533	9744.15636327041	2386.67821095627	5792.75021411712	11956.700936004	14601.0689484154	13361.7434273019	11085.0715764249	11028.3580106023	8786.8995530079	10870.2940252124	12458.2452627483	13523.8715053853	10312.1837661026	14106.5779284985	15290.876398416	15220.0978514479	8351.30172391094	10654.1980946993	8955.54865570175	12685.8452608003	12840.2248789804	10136.3161531634	7895.41127680267	10134.0016973805	7808.52683880018	11664.2101695492	13216.1440018292	5641.05142758641	6253.7089037378	10181.7000028438	[15][M+1]+		11
3	M787T6	1.16803158652875	-0.2240792888688	-2.25278985858051	0.0335260581337784	1	DOWN	786.602960982168	786.600897856589	786.606129399129	5.77579983666667	5.76023322333333	5.84370016	32	14	14	13210.2265625	35213.4815839925	5132.32916799789	30147.7134609372	6667.08879373817	45498.7436235057	32455.5783731798	33505.3150837261	36673.4553957272	31979.1866638914	27403.713125017	36025.5341325915	35245.4824120901	30323.9622097615	31928.111024985	31309.573367041	44445.4316804278	38286.0555085815	37908.5995753692	43731.1364654118	39055.0715288431	35914.0525780438	27402.2710025626	28545.1364856112	21205.1748530064	20618.2494172477	30984.3721852508	28185.8725892676	33841.4683015782	32550.5340366053	29358.5045505723	29146.6249412038	21529.5195179156	[17][M]+		3
4	M709T6	1.12992885222483	-0.176231933902476	-1.98534532166874	0.0584748416321199	1	DOWN	708.512520268623	708.510786088817	708.513429909538	5.91698315166667	5.90581663333333	5.93038331333333	16	9	7	653.2119140625	2076.57000503192	273.809869405468	1837.78828281369	357.132424530976	2384.68537047091	2266.90692488501	1556.10330981903	1822.58278134492	2226.24333278457	1764.161140882	1932.63853144935	2102.31038426731	2172.73773232789	2370.26737869002	1988.86494912951	1825.76690473097	2520.1349839662	2138.57634569919	2228.08155632996	1519.04516946194	1460.07802686506	1584.63409011811	1488.64695656938	2564.19443361276	1332.81317111887	2143.20528481195	1618.96726238427	2149.70218687345	1830.79415677234	2052.85125162034	1828.85004349879	1927.17236935446			42
5	M789T6	1.27677246557684	0.352501444357671	1.9794790576698	0.0616923670004708	1	UP	788.619348090687	788.616114671799	788.621786357032	6.1366669	6.10609988	6.17395010666667	29	14	14	5848.75390625	10122.1813423034	2518.33629436783	12923.7224294286	4658.40174298693	8458.95357072123	8530.2826577813	8087.77693967024	10594.9643040083	11199.1047656401	15795.7311789332	7986.10286126513	8939.70025495515	10616.9681709738	8238.02819290194	8744.32363303436	13121.6738446607	7688.57100322058	13708.3574144821	9629.42968352368	18283.5471125817	19714.1885170047	22388.3433159397	11870.621390909	10710.1371680668	12725.8201444421	9412.12111291404	13566.8038830166	9008.77338156296	7696.71474113474	8494.69250750363	10213.4510633068	17217.4699900946	[19][M]+		15
6	M189T2	1.07919019467542	-0.109949145395284	-1.68238915980457	0.105515550470113	1	DOWN	189.069262698012	189.0683848536	189.070502993683	2.36146672333333	2.35455011333333	2.37244989	28	14	14	4014.240234375	7249.91146202578	701.692319916769	6717.91821107705	952.62624680436	7963.11020307411	8357.91185514885	6457.59185708921	6801.13399397265	7003.39216875853	6930.43539495802	7641.54544458925	7255.5490973549	7426.9686381119	8760.91316859773	6740.61981076853	6785.4459171779	6468.04689321035	6906.09602554897	6977.6738989541	7800.30728488697	5870.28150194001	6804.30400249842	6604.7252040507	6862.45741938956	7073.31344958772	7217.36903086287	6253.57100274102	7394.86592520633	7347.72098828258	6734.92927306616	3874.50615201601	7234.82982159631			20
7	M583T5	1.26061765924389	0.334130777844068	1.61222972012783	0.119226545719377	1	UP	583.256101269249	583.254419967299	583.25673196253	4.99756647666667	4.99665017333333	5.0002832	9	2	7	1232.029296875	485.414334584642	192.354134829867	611.921882227521	221.810384755546	371.750525494625	266.428616949379	430.955264504636	276.559733298424	437.342353937207	467.025117221056	611.330837335289	773.878404476354	604.349972118866	687.252019971461	852.316206444573	322.869668317629	440.453182281461	253.288781834034	564.898934903235	417.269598358835	287.883777462621	430.071768301557	534.492842807802	543.336426007396	634.7377366627	689.927665892514	576.933203711948	556.357845511961	713.315053856979	958.244979019827	1157.37672413681	502.059794551116			39
8	M761T6	1.07735275350226	0.107490703366896	1.51649256738383	0.141560060553337	1	UP	760.586997550827	760.582621299216	760.589666675297	5.70803343333333	5.69873321333333	5.72783325333333	27	14	13	10672.7578125	18066.3096036754	2324.09368507899	19463.788397144	2547.03468055565	20875.7454484329	21688.1876814683	17279.2954214029	15596.8420670976	16831.336648255	19924.4773490582	16971.716004722	20389.3676222438	16813.5434226033	18397.0186480884	18994.370663918	13720.9033408156	19874.3212078844	15571.2089254655	20563.3306365612	21830.6377544146	19993.0549405203	23576.1409774029	20175.5457226378	15564.4740891277	19900.3593048728	14808.2283649601	21457.1339331206	18551.6506272547	18612.58850052	22474.0727426303	17938.3847715806	17047.4351944128	[12][M]+		4
9	M482T5	1.05961988908801	0.0835468284911294	1.48141327783074	0.153109878517369	1	UP	482.404197547549	482.403001553707	482.405852673085	4.80675006333333	4.80639981666667	4.81283345	19	9	10	713.90625	956.248405612758	74.3300478587304	1013.25982949598	123.328098451562	1100.763176839	1075.21221700409	1019.54696964574	931.084374970542	937.464060819599	908.231803402305	859.014112200249	883.703593302518	981.611724407489	944.513300967181	841.963893873116	951.245744225991	982.872539904324	970.250167016472	1027.23157959087	1256.36486190116	1211.91230556832	1122.37023951713	962.114335720294	934.985164542378	858.861093186011	967.605310604576	836.057676948034	949.123864694898	953.922093628885	1123.95376104702	984.227031018811	996.908294975303			30
10	M813T6_2	1.20139503035916	0.264710601196907	1.48817579180093	0.154757994558944	1	UP	812.619922391304	812.618348969007	812.62238982699	5.85286652	5.84321646333333	5.86721681333333	25	11	14	4136.07421875	5735.50454311341	1101.63416779787	6890.60665469882	2687.17717026381	4914.17262671493	5058.05349630795	7046.11785169589	7136.31835896304	6330.90642116348	6173.7023435041	3622.52715149025	4969.67377304666	6342.89806364085	3976.26568065239	5950.37361893309	5441.90654911043	6537.24914838073	6796.89851998398	6073.08492966663	5842.79958430299	10468.0092696086	14538.8415885816	7387.48917946846	4412.95192285049	4803.88107388847	6318.61186710139	7106.1423797699	4955.62360803763	7540.13347286589	5136.69076037707	5368.8924449393	6515.341084325	[24][M]+		18
11	M763T6	1.11125293881853	0.152187234410102	1.35155061803122	0.192281054464494	1	UP	762.602294718957	762.599959602299	762.603891730552	6.12944984666667	6.09086646	6.15018348666667	27	13	14	1579.1416015625	5929.94997312142	1633.01583354138	6589.67433467801	817.906182324302	8220.57578168103	7146.89267202278	7861.99504865958	6621.20230979948	3360.50981721157	3754.02612766251	4979.15970016756	5785.1016455877	7128.05405445033	5135.86348273791	7157.61114891356	6260.6160993275	6423.82966189778	3183.8620735806	8321.02786952108	5905.79556210926	6383.28410261402	7321.70022416843	7311.35317644073	6698.7764783395	5173.49574246799	6152.21450186599	6929.63780850157	5934.86903564474	6692.19341067951	5587.25110871374	6654.76629448424	7189.07536994141	[13][M]+		15
12	M132T1	1.12762550645087	-0.173288016591388	-1.30378487817725	0.203984386468029	1	DOWN	132.102282558441	132.101709256626	132.102919931474	0.970141654666667	0.89186669	0.977066671666667	44	14	14	2302.97265625	2838.91385965529	601.47607645044	2517.60344495096	698.937740574673	3807.19592817176	3709.90990305501	3335.96706854997	2502.84587389123	2722.11783963176	2609.72270893605	2761.51654080424	2098.31582940751	2524.04419755676	2697.89515152609	2609.44775858727	2839.92369470383	1803.00452516129	3722.88701519129	2401.16886548024	1996.08776459519	3938.16750887661	2322.97511423185	1814.85492194411	2478.23500617514	1916.95592211966	2407.36526531619	3005.54373673685	2205.5223356682	4012.85769212045	2451.45734375219	2529.41640669766	1765.84034559916			26
13	M814T6	1.21064661401799	0.275777805902943	1.31042839911678	0.2076290751681	1	UP	813.625193446988	813.62388824066	813.62639549507	5.85484985	5.84728341333333	5.86793332	23	11	12	2392.5078125	2970.13746456985	648.22993018565	3595.78686464946	1664.65241141823	2388.15456198688	3136.41712834271	3983.48290672187	3930.24760268157	3292.84105740908	3133.93705280336	1914.51422651164	2411.99687208793	3191.88183119002	2172.07460460618	2687.82353067478	2399.32942501735	3459.20482842352	3480.01887552096	3175.67503336066	2436.22401326226	4100.73105768512	9023.44947221184	3734.76626782761	2348.02046347002	2939.4824497762	3331.15366156946	3648.99581941288	2268.57495731597	3907.60822501715	3361.8079945822	2749.51949116718	3315.00719843395	[24][M+1]+		18
14	M809T5_1	1.16694274284086	0.222733775573067	1.27093522822253	0.215413358000392	1	UP	808.57828511789	808.575965842012	808.58425906644	5.31628343	5.24301661333333	5.32744980666667	13	8	5	1624.486328125	2281.53778728349	865.454677682284	2662.42396338766	713.009739881914	3414.25007879501	1148.74475997611	2485.51785842969	2769.91453797172	1842.78930471882	1912.34833747828	2425.70434672239	363.166636570625	3197.76181346504	3031.71954877814	3119.93188545108	1879.80632015248	2709.62550131094	1640.24809214845	2962.96721210839	3679.86377763748	3376.41237622541	3375.41682129455	1807.60901460543	2867.07360221073	3343.64563115935	2794.4790892601	1763.12440204539	2869.07192634337	2142.74703916849	2875.51732403275	1374.47298461335	2041.53428672242	[20][M+2]+		10
15	M525T5	1.09306173556145	0.128374885980642	1.20589388558287	0.240208118114996	1	UP	525.376511149894	525.372199020983	525.380023255811	4.81916681333333	4.81723326666667	4.82281666	25	13	12	3169.017578125	3452.86226382544	825.984860780018	3774.19161875167	558.394626106654	4592.83390826429	3012.46636470699	3319.25859407052	3767.26735722891	3803.84967410119	3325.73970023665	1777.12833700934	4011.33504985582	3321.55360256703	2489.55981611183	3629.97063202169	3730.69490822764	2610.23369599152	4948.18005316278	3213.42218600222	4610.76751036541	4501.53893643228	2959.22842747888	3512.86861793493	4132.96270165499	4021.35394882079	3574.39662691454	4056.77537651866	3336.55445396149	3762.92988224522	4259.59332625693	4091.64787018299	2804.64279775402	[5][M+1]+		6
16	M762T6	1.06739954597058	0.0941003027737592	1.19557783406754	0.242717793193402	1	UP	761.591264925123	761.586120572637	761.593731222281	5.70878312	5.69503352666667	5.72464994333333	27	13	14	4661.68359375	8689.00634318386	1244.18231037316	9274.64142564992	1345.78525190109	9433.45420573518	10568.5240195219	8495.19494908385	7877.12604559281	7679.07105019293	10385.9193547391	8889.69083987457	10172.5967908945	7840.91772164526	7916.28226315468	9090.55937170383	6420.45169271497	9544.89455876134	7331.40594095911	9814.52884230166	11160.9647924949	10016.1435723466	11082.6133069964	9384.38978865154	7636.50543961442	9463.44516377269	8272.24947202358	9778.35238904945	9473.53125122428	8613.95114292171	10176.0678878608	8935.35075361409	6036.88615622685	[12][M+1]+		4
17	M207T2	1.03865714560086	-0.0547195079762024	-1.19395859844355	0.246244932743904	1	DOWN	207.092518779491	207.091900535559	207.093045508044	2.35806667	2.35428330666667	2.36516661666667	28	14	14	969.46337890625	2082.56768724863	212.350986600198	2005.05787310968	117.934458845827	2289.70774631926	2559.29108322992	2065.1783213954	2020.35624597155	1896.35278053612	1959.06666646809	2092.68706469523	1970.58050329821	2105.72606857013	2466.30392547226	1911.11586058237	1994.70823930469	1855.43947011203	1969.4336455256	2190.7261174169	2259.07801550334	1976.80503102276	2077.37137785672	1901.79998255545	1975.1471450666	2043.17916146519	1995.40123824752	1847.60636516041	1989.69841430098	2065.50398011751	1867.96841889823	1998.61584473574	1881.90913118812			20
18	M137T1	1.06413687502864	-0.0896837299976948	-1.18306450807133	0.247493877171613	1	DOWN	137.066183664835	137.065332869597	137.06723182417	0.560541670833333	0.558633349666667	0.562400018666667	28	14	14	5860.77734375	5506.08493991323	750.103609206021	5174.2262382976	734.117521600954	5502.96591529614	7374.25790360841	4985.15601697983	5201.79549671398	4671.12439373807	5265.01561460316	5319.82612083437	5187.31430362575	5717.842523959	6825.70272719718	5332.64985159797	4863.87838559001	5821.90111752975	5015.75878751155	5744.67013478067	6254.88534982613	5244.77573283222	5678.06505224844	4794.63216109422	3224.34351624612	5253.00696624714	4943.41112243459	5863.65294739459	5181.91415459613	5497.40781680674	4571.40216779967	5475.69679142572	4711.30342243406			14
19	M790T6	1.1835586304885	0.24313117529085	1.14408754175	0.263047326418068	1	UP	789.623474333491	789.620794643195	789.627148071394	6.13676661666667	6.10841661666667	6.15723324	23	13	10	2771.921875	5269.47605111328	2301.77529235915	6236.73385844759	2169.93148185242	6874.00350483094	4315.38670107175	1420.71380690679	5299.55047158529	5528.40642173337	5393.48261958718	3417.48516495763	4545.15780017863	5093.18573469799	3927.08313262199	5601.57709257907	11722.4889493246	4102.30638743286	6531.83692807786	4164.99197643406	8666.04129169452	10837.4104635357	8605.56592280577	2972.97172144564	6370.73875373793	7259.25667160967	4706.72482436913	6510.78553486413	4491.90897694685	5651.52408710011	4526.44113645947	4897.6397815859	7652.2728756774	[19][M+1]+		15
20	M120T1	1.04050267631933	-0.0572806758927216	-1.0933341288739	0.284693657673096	1	DOWN	120.081176215663	120.077715663503	120.081478288166	1.47622499333333	1.47245002333333	1.47996669666667	28	14	14	1235.2890625	2890.1001350971	298.930621260499	2777.59990519248	242.627436637081	3279.71476617471	2687.49128554233	2942.99403419061	3365.25507906412	3134.39925579181	3035.79280624524	2869.22990521187	2508.04189854486	2682.44695174478	2524.0468933858	2873.37179355187	3283.57673872139	2474.53306065813	2800.50742253189	2504.87187251334	2691.73486377638	2690.59707125482	2705.80890542284	2473.27592005042	2844.54321504972	2800.27786657779	2654.69027306953	2920.17992238575	2594.00805503927	3390.57863956407	2913.53419864811	3073.65461077062	2628.6432585721			38
21	M993T5	1.11386227016009	-0.155570853466681	-1.09991821860988	0.284983335966558	1	DOWN	992.683964212	992.680187817688	992.689500813138	4.69951647666667	4.69588322	4.69966680333333	25	14	11	8642.078125	4803.25102139069	814.821629296038	4270.03244291207	1620.56519771748	6265.97177879503	3505.25743818309	5666.00716296306	5122.55327673765	4634.77850530429	5235.80918057535	3860.87001985443	4812.4537032214	4671.25469898834	4005.86398003165	5937.03138397599	4046.41271916554	4329.83764614542	5151.41280552842	6190.25302236177	5224.37363270082	3896.06681724975	0	4882.29056872401	4481.95979243391	5312.11635226517	3564.0147238205	6932.64699459211	4035.26605363865	4457.49936163979	3543.30048319171	4195.77581307009	3064.89058508066	[27][M+1]+		1
22	M497T5	1.05004080931992	-0.0704453986146147	-1.08387114306784	0.290083544804278	1	DOWN	497.344978996704	497.342084689512	497.347879200697	4.69958348333333	4.69504989	4.70339993	27	14	13	4512.4609375	4968.76666906872	441.184266865884	4731.97481942328	688.154102083548	5920.900364768	4773.70288799542	5429.24267512494	5383.10248264947	4905.41706457507	4984.45278681154	4424.02209470525	4958.20984812845	4506.72380041601	4425.83555526903	4821.58292689296	4733.77595917255	4793.18419316386	5502.58072728952	5493.00165905404	4940.39314457054	4142.05407207544	3988.19467623218	4981.57521836019	4477.97326924608	5674.75360820375	4572.95123621091	5697.66848533875	5532.3407380174	4558.64587427727	3751.63775967871	4717.90506670329	3718.5526639574	[2][M+1]+		1
23	M91T0	1.01520596774213	0.0217724549916803	1.07237109314372	0.293432435038953	1	UP	90.9769742356967	90.9767076541802	90.9770457418885	0.446833342	0.446166675333333	0.446900004	11	4	7	636.2548828125	1123.56886699388	41.0523999281144	1140.65381894144	43.223540397797	1216.6400658684	1187.3126104161	1118.60909472754	1136.66656585565	1109.86886119943	1132.11222624771	1063.7086170932	1089.53047674994	1082.96877233468	1144.15301035757	1081.64274089876	1117.37481103922	1117.14013543592	1132.23614969016	1216.61560034915	1217.36399276359	1169.5057768394	1127.13058073584	1111.76704934015	1091.72534636495	1095.3843059822	1135.64877138728	1108.32036471367	1102.12037922967	1131.72490121938	1165.90059711669	1186.44528991747	1109.50050922075			41
24	M570T5	1.03944249576978	0.0558099473617224	1.06465778484759	0.296822147282606	1	UP	570.459883108265	570.458628864242	570.461574436884	4.806658485	4.80294984333333	4.81188354333333	28	14	14	764.431640625	1006.84394654666	97.7712154513989	1046.55638464915	99.5968814359899	1193.18199354879	1158.23591613832	1042.69113214653	958.201145593628	959.128729377767	906.132662666531	1063.38032258825	1096.87148114829	1019.70723942944	970.275054089978	831.517632779568	998.387090256361	960.521347586692	937.583504303087	1101.61416276315	1235.05768373128	1203.86546128001	1128.52053700365	985.40761048126	945.041703440864	1038.56730618852	974.048837763884	946.831714420505	957.095456059943	1020.45418596759	1123.71379411982	925.707529502259	1065.86340236538			30
25	M994T5	1.16516385061773	0.220532847456376	1.06092558474595	0.298653359254639	1	UP	993.689847360158	993.685173035523	993.693763428495	4.69951676666667	4.69646668333333	4.69966680333333	15	7	8	2935.25	921.009678205039	851.410546432597	1241.61117532803	744.020412670636	0	0	0	0	1505.39673860624	1927.42241191831	1387.73000450632	1542.75530036406	0	0	1988.98972915226	1352.20736857499	1329.45844349916	1860.17549824921	0	1887.51345949493	1393.83502037095	1934.62061068724	0	1542.33454378945	1962.94079447666	1296.22021165938	2202.69736819826	1314.33188881619	1544.7313042925	1160.98495469388	0	1142.34629811298	[27][M+2]+		1
26	M86T1	1.12847933425862	-0.17437999882607	-0.975135829490611	0.340915132436666	1	DOWN	86.0959787984061	86.0956316780462	86.0965584100509	0.969883340333333	0.890550000333333	0.977166687666667	44	14	14	2780.3046875	3712.92136232678	1415.86419188569	3290.19880968053	791.362534318844	7068.36710308446	2790.99210749741	2651.27203491679	4818.73297653663	2200.46324792394	4977.92794541189	3372.1283246665	2537.19479086755	4736.01494203098	3341.25683655272	4961.13126718407	3608.96844154247	2062.38459482815	2854.06445953143	4688.24637607265	2295.84129778508	2906.26428271089	2641.61333240026	3404.35738388091	4631.50053570227	2237.69892682678	2791.41981336669	3869.04196489822	4223.40802119728	3146.23921529492	2911.87746756319	2989.76302068943	3325.51169713892			26
27	M808T5	1.12658195899369	0.171952273655536	0.953193444117716	0.349270503916583	1	UP	807.576200233084	807.572579284307	807.578411985287	5.30996662666667	5.23496683	5.32348344666667	40	14	14	4588.1484375	7603.14484512423	2674.75263501629	8565.56581413283	2667.97082761391	11799.7977719853	7551.80226717866	7240.5760098193	5202.33835221531	9378.62688993368	7746.40417055957	8159.74628131171	1122.31582496256	9259.33269668746	10042.7913892222	10439.1086017261	5498.31951757902	6044.86800412756	6958.00005443081	8037.91304321833	9944.45598149741	9565.57405750821	6353.85261151046	10129.9675966629	8833.29681424005	12627.8147382866	8072.65338836697	10442.0036627844	8031.97555268096	1033.65636459932	10445.2443084376	8856.77938836269	7542.73388970371	[20][M+1]+		10
28	M760T5	1.16711982426716	0.222952685296948	0.94751442478451	0.352665228134935	1	UP	759.574285381323	759.571219985572	759.578961324115	5.46541674166667	5.44198344	5.50773323666667	38	13	14	3968.810546875	7255.35614025069	2921.01162484163	8467.86998340503	3793.91225197762	6204.09304390939	10749.0281123536	8749.53930257932	9904.0638515289	4385.33712815693	3560.89293671536	11749.224972611	9911.25268814422	5948.99751287683	4500.34541198948	10506.6410845568	4729.15348624744	7015.41542788776	3661.00100395273	15557.856670397	14472.0649830581	4418.70094237612	9557.72869174053	4358.45286598246	3848.08256649318	10648.563381901	4874.32390994211	9268.51772593963	7490.34645746099	8884.22672586994	4771.72213511157	8484.0092453715	11915.5834660263	[11][M+1]+		9
29	M663T6	1.05570669675114	-0.0782090715165362	-0.937498192318746	0.357959019706019	1	DOWN	663.454134818122	663.452692047029	663.45571225086	5.91085015833333	5.90191662333333	5.92498334666667	28	14	14	1136.5009765625	2875.35236022861	355.264993870776	2723.62803899729	490.383029599051	3282.87274380708	2659.83241641605	2118.18075999029	2798.56335227134	3196.65732292232	2523.43617758471	2390.63223943134	2785.77485078834	3080.68672058477	3134.5705704941	3001.62100083113	2846.07557623644	3312.86461967891	3123.16469216375	3239.430144235	3282.77260653607	2436.85725795655	2810.20628251269	1914.98192556913	3448.90709078341	3501.1659747072	2939.75172394719	2367.93694776724	2452.68490584126	2356.22794632159	2568.33586625551	2224.8735119955	2586.6603615337			42
30	M328T5	1.12122145032178	0.165071250247256	0.926017209998908	0.363117711711312	1	UP	328.321698860157	328.32016486441	328.324041396598	4.87904165666667	4.87866683333333	4.88838349	28	14	14	4099.9453125	1857.44996085947	596.719572102365	2082.61273901498	686.764237913207	1773.31704487746	3386.84109343873	1363.15158035495	1715.88501496635	1857.05492766605	1357.60688772611	1413.01046858977	1408.65479429912	1484.49335176948	1542.52839774166	2783.29311334637	1949.75798421234	2326.04253561538	1642.66225742877	2533.31770692239	2379.36033026637	1993.07087203377	1909.16814585607	1380.33354819568	3838.27797354475	1193.05392888292	1187.9559635911	2313.6276221064	2034.92250591338	2408.35793639675	2388.72774772712	1468.37472950858	2128.02933526449			19
31	M520T5	1.07437154235645	-0.103492996693925	-0.905280928091642	0.373712410416623	1	DOWN	520.341287986764	520.339297988431	520.343170115533	4.64545008666667	4.64303356	4.65245007	27	13	14	13213.5859375	11611.1621341958	2464.08442699024	10807.3991877416	2228.09993885473	15590.0017193449	7869.2304525302	12280.8637950957	11468.7175311928	11154.3861664891	8554.19822229529	11966.6132583638	9297.66736941623	10219.9591702862	12274.7416669714	14793.9092282814	11731.5893845809	9610.85031233898	15743.5416015535	16034.0248483225	12018.7350592665	9324.15831526708	11356.6674168149	7119.46757958586	11643.9240780197	13496.7889544233	9245.42052105838	10881.960173804	11278.4093929126	8676.24851813198	8909.99111239385	11316.2573720375	10001.5352863445	[3][M]+		2
32	M159T0	1.01508527193198	0.0216009256627238	0.899716095238265	0.376529532284632	1	UP	158.965025816027	158.964341304986	158.965283701399	0.446291672666667	0.442666678666667	0.447349989333333	28	14	14	1007.15869140625	1724.52932917061	76.7094899249125	1750.54432305581	76.29199198037	1927.06905670414	1835.65025053822	1699.09454850921	1652.86114148301	1742.56480135556	1668.05357219528	1667.65641449264	1660.79106554791	1738.61703546504	1765.58420291738	1695.58516224048	1688.10139014362	1727.01459229995	1674.76737449606	1914.02718938902	1914.59610571644	1702.04645714998	1749.54401341612	1715.67181071779	1686.94651919441	1685.29800124917	1740.77662188721	1679.01573290832	1760.69499063689	1714.71523205571	1726.48779252044	1796.57423245631	1721.22582348361			41
33	M807T5	1.07779168465339	0.108078361245017	0.891348802677461	0.381341571422636	1	UP	806.571762628317	806.567199566769	806.573960312095	5.30830005833333	5.23399979333333	5.32278344	50	14	14	8484.6875	15911.8928146726	4073.15744252161	17149.7057627501	3226.15551149462	22730.3763752247	15830.4547878095	14026.7099943031	10564.7967389414	19047.664607803	13949.7115350835	16212.0111496504	19374.709058865	18427.972563752	19824.9578178403	19803.5681113703	11802.9649082332	11238.5765792038	9932.02517733587	13530.534661344	18795.7121758353	18343.012538144	12763.1655182239	20802.106611954	17390.882362974	22044.0320180442	15840.8007021921	20546.5095432439	15834.4978059428	13393.2569308818	21025.7956463016	16786.899883185	12998.6742802354	[20][M]+		10
34	M576T5	1.07468346969812	0.103911800335137	0.884214020498506	0.384684627713116	1	UP	576.467445338462	576.466502383611	576.469513431741	5.21923346333333	5.21608324	5.22408324	13	6	7	709.14501953125	741.801964039918	165.489770109447	797.202308543297	166.048347751042	596.69751097025	530.616383811152	653.606123202181	870.51704891325	591.262677205631	909.531596734899	858.29389971868	669.687969585648	941.268955853306	624.072868854822	962.517492080296	619.709036460953	974.256629252803	583.189303914983	840.426287139543	560.492405829272	673.046448904532	605.618978779231	878.926545214557	636.668501110127	705.793373300694	800.122097500009	841.84320153001	1076.44299891648	1029.346682327	840.844418766883	650.041039506572	1021.21934078125			24
35	M166T1	1.03306518016267	-0.0469312824032331	-0.867127008275807	0.39411579209334	1	DOWN	166.086669895728	166.081659564523	166.087187156024	1.47617503666667	1.46898338666667	1.47996669666667	28	14	14	1089.568359375	2577.82338875563	275.64153427202	2495.31533755663	225.330590622372	3064.69386436038	2515.51618988957	2632.79228233773	2732.10236765894	2816.66219739213	2720.60339647749	2566.89063893941	2234.11561819643	2631.23936917266	2237.56836592284	2554.2278105471	2894.54960344983	2041.44490830169	2447.1208299326	2589.36108728916	2660.01847813814	2506.53886714151	2509.64037126772	2245.11042758975	2503.48214592879	2576.85877477206	2347.44451041806	2375.59633218674	2060.65069042446	2991.83611400702	2578.70977953839	2689.28666246913	2299.88048462196			38
36	M453T4	1.04037330229237	-0.0571012829166109	-0.861904192312521	0.396624032630831	1	DOWN	453.343791849819	453.342244397899	453.344940894267	3.51960834833333	3.49220000666667	3.52011678666667	28	14	14	1572.8779296875	1085.24802466034	130.692015600324	1043.13328905028	127.848033618414	1465.10652657146	1074.22426933008	1013.61846048901	1147.44719397857	916.816973159622	957.618350043561	1135.00228866393	1120.42881755657	1156.27416786393	1060.48625318047	1079.37064319777	1015.02445774499	1062.23578973892	989.818153725897	1268.70320174243	1267.71924053387	971.036054890557	970.843286693438	989.649105778245	1102.8040010429	1141.57903446106	1073.31988006288	915.741440631338	1130.51209915351	1038.1937218431	869.702773283183	881.70991196749	982.352294619952			29
37	M769T6	1.09498355828463	0.130909207215207	0.859119445090718	0.398235422743435	1	UP	768.591174232273	768.58841618456	768.593874991558	5.59789989	5.58970000666667	5.63029978333333	29	14	14	1258.5712890625	2934.53870729368	907.73961223851	3213.27163563642	806.02076045736	3491.83005630347	1953.71711270531	3472.26681504747	2978.61579268539	2716.03350260484	2667.40375233666	3871.62015765421	2504.91241699415	2454.63897472217	3866.40445183038	4178.46251883866	1314.28707447508	1652.88459488738	3960.4646810264	2736.51018080838	3716.27668462369	3967.11753771981	3127.67502523717	2258.57780294352	3988.40280372005	3410.60287929803	2214.52930630054	4627.99434731487	2540.25995417669	2768.42118566255	3092.83916039163	4309.51023882407	2227.08579188893			36
38	M568T5	1.16824776079333	0.224346271959437	0.848599863196273	0.404018856052262	1	UP	568.341444653999	568.339184241862	568.342837210674	4.62446679	4.62356683	4.68161649	26	11	13	3116.396484375	1048.07344649935	507.305004702382	1224.40945701981	589.196521970404	1828.52610863558	853.6124760921	1168.61555100963	464.595160316443	1949.47260964897	541.286256571145	861.618221116059	942.801278453347	999.57788290483	1600.68442543516	1584.12207544794	659.360993345309	388.612732259726	830.1424797547	882.565019109043	1974.65728387174	806.457595648793	1001.58322512856	870.280784450666	2002.35435989454	2524.24840722443	973.269409232004	1325.16278701282	920.892248667652	593.453722159615	1025.43274325598	1651.80556288741	589.56924973415			25
39	M815T5	1.12524454509598	0.170238570915822	0.809739982899834	0.425567148456283	1	UP	814.69140033573	814.687052699532	814.694699217609	4.89677512166667	4.86071682	4.92210001	28	14	13	2786.021484375	7225.64960395826	2753.68459224298	8130.62280162898	3147.05242467124	3409.15330190914	5708.26138192034	7242.82066698754	9820.74992708939	5515.48145766107	11662.2030043402	12136.1989493921	5954.92649145924	5800.21067238883	5306.08509492997	7771.94872372605	6317.49839929826	4110.70630570831	10402.8500786051	7533.03490677272	11137.0934523533	10432.3033601462	5294.64775686295	5829.93167378824	1949.63210040325	11817.4246833201	8441.60584738515	9895.36419040625	9883.11049909049	8584.81853426762	12424.8988814652	7302.13720727526	3302.71612926892	[25][M+1]+		7
40	M812T6_3	1.29295404725563	-0.370671001385977	-0.795925961890811	0.437450146692107	1	DOWN	811.671762216575	811.668738680959	811.673356443463	6.46874987666667	6.42861656333333	6.55721686333333	17	8	8	992.9580078125	945.074790376718	945.806797736253	730.942288616286	344.633782874068	810.73882077444	605.931644780002	4157.92843914368	657.067506674313	902.379790405267	543.324421675268	577.235299255537	674.929274043107	505.942805773474	1261.92588213492	583.066700028302	800.631163818416	567.614996119775	582.330320647553	454.446102037576	257.98872594119	1269.09358853866	1255.30843863701	868.546981462309	473.709968512169	424.722156940845	679.667491938757	1326.66921631363	865.396688835976	428.254582362731	638.147416746058	716.60458664997	574.636095711111			45
41	M162T0	1.05877777906608	0.0823998219259497	0.787128298493725	0.440707830711382	1	UP	162.1129776713	162.112199580757	162.113517630596	0.486533344	0.482683336666667	0.486683333333333	20	10	10	901.484375	648.413937233278	161.132402902106	686.526268379342	82.8165025084327	752.044415750927	160.094767545731	555.648520773813	593.263786626329	704.326376518535	666.305662668864	640.865817712853	711.839018704226	875.68580881071	760.962142261374	625.851036308086	707.407348023621	646.018615849606	677.481803711219	717.268680740759	620.335749308077	579.695590658244	638.622234113311	679.922508920587	815.683702922528	543.654112710297	787.41087376031	717.879949984593	615.896895754884	694.989010548426	815.464936455269	686.03520241963	698.508309013877			46
42	M531T5	1.07660174565994	0.10648466973516	0.755583242563525	0.456710655223149	1	UP	531.408608824128	531.405410684672	531.410408804476	5.21915007333333	5.21576672666667	5.22408324	28	14	14	3193.955078125	2657.51291689902	732.180227954228	2861.08304544731	692.922017646447	2391.5940545365	1674.84014915745	2291.63576642077	3190.91502744507	2149.3122076741	3431.28872124405	2794.60650965105	2170.6924161188	3858.10762898681	1981.81817502983	3959.51335122829	2183.94463805685	3095.64860617389	2031.26358486279	2814.63740467676	1795.08105647211	2143.12708993765	2525.37866621999	3081.13597698466	2614.00122228333	3087.95400605914	2558.38988583984	3375.19265656491	4228.55599726733	3487.22043918195	2397.39558188383	2120.33210247398	3826.76055041689	[6][M]+		24
43	M783T5	1.06423395762201	-0.0898153429421643	-0.747347167056124	0.46165958112375	1	DOWN	782.571729836714	782.567619127862	782.574818456604	5.38396645	5.29151644333333	5.41651664333333	39	14	14	8225.765625	25331.6511677801	5734.31360195526	23802.7089686019	5070.82821157191	23225.8625433397	28968.2497050574	30057.7531064276	29571.6810178879	26869.3181852142	27742.4452601283	17254.6559954186	28058.8937373601	13935.1453070779	27827.6941795506	15459.6946538279	29545.2148199449	24716.4706764595	31410.0371612271	28051.8756309937	26104.4801961578	18452.1749895188	31468.5296571293	23084.562225375	21540.4384669641	23925.8895445589	25455.2569406129	15168.0661278752	13785.3721826892	28107.0476590918	27662.7967968515	24027.9224184831	26403.5127241254	[15][M]+		11
44	M498T5	1.05239806821425	-0.0736805054025694	-0.725048237395823	0.474913637521807	1	DOWN	498.350440353586	498.34689296825	498.355051979164	4.69958353	4.69583313	4.70319986666667	15	5	10	1215.189453125	938.445737495817	174.680100872923	891.72126578321	166.21652772523	1071.99245071382	916.497882526368	946.434835154707	1271.21510741673	1167.86138960875	1079.50770156888	924.33795209817	810.612820694844	789.781715766155	676.372776515782	881.630053562041	913.843575204078	1025.81344510203	662.338619009078	752.587672706888	1007.31470407166	723.456523545708	1049.8934923966	841.086511414534	919.576813837657	909.02475844225	905.626948065382	1242.16006399502	983.594378488138	1037.22188804241	647.205752734489	789.598586987456	675.749626236747	[2][M+2]+		1
45	M810T5	1.05884329041638	-0.0824890852050032	-0.722848526453667	0.476726793869154	1	DOWN	809.592936556601	809.588426156971	809.59513253496	5.414699855	5.33659980666667	5.43101667333333	20	9	10	784.81005859375	2051.75197421528	354.154768883096	1937.72958924682	472.146889197637	2470.4746710215	2196.94652994553	1598.35870324734	1809.18122897764	2115.40773266012	1878.15379352986	2423.12454660197	2201.22149549543	2432.08357975411	1546.12045808118	1790.75627661062	1975.47056687589	1651.60829994931	2635.61975626339	1087.61792226427	2340.14070406436	2707.56843976	1598.15686711256	1731.80974371841	1521.67938864327	1577.90536462077	2721.17862924075	1767.16228647083	1909.78272095053	1839.52404844525	2076.34396810923	2454.83472637495	1794.50943968027	[21][M+1]+		33
46	M680T4	1.04472822395364	0.0631276878093876	0.722092615858284	0.477298478443007	1	UP	679.512306582451	679.508920868172	679.5149004216	3.60643339	3.55561668333333	3.61008327	23	10	13	3945.38671875	2673.55914683239	501.591352642525	2793.1426991052	363.820504082664	3499.10496471918	2975.85527691465	2584.35107089761	2444.56510687765	2229.88317565487	2061.14519102648	2814.2143659288	3659.19020889878	2615.95365460726	3040.51751941537	1989.57227809126	2174.33311111446	2572.58066731982	2768.5614641873	2969.42637282104	3346.6553830544	2958.43543440758	3126.30049803224	2567.13415042043	2358.51980006575	2995.69821019098	2675.03559946876	2430.78683657107	2402.23811034928	2217.08111110784	3340.27619187184	2743.64002273359	2972.77006637803	[8][M]+		21
47	M553T5	1.04558115432382	0.0643050431773218	0.719316932277991	0.478364077267436	1	UP	553.391394009185	553.390466598397	553.392219674256	5.21934174833333	5.21724996333333	5.22408324	14	5	9	693.60302734375	821.687901372627	139.060088876444	859.141384411107	136.446124238271	779.744848386827	658.260100059033	723.739557984161	964.832586681323	699.741610294107	989.591367733107	880.717235449251	713.327999611647	1015.86571276729	730.732917907881	1000.20938572228	678.685988821307	968.15091165568	700.030396142881	945.850839884451	613.479705796468	725.677756040086	731.257216846151	973.993783476414	763.180531791559	906.491907199725	855.529662873759	932.316934285126	1067.18153234244	969.328873556059	805.097505193786	708.930308005741	1029.66282446373			24
48	M532T5	1.07012957854707	0.0977854985036974	0.708807418969877	0.484802185178887	1	UP	532.41323207377	532.408750438632	532.414945736107	5.21919992666667	5.21608324	5.22636652	21	10	11	1088.607421875	949.606740502551	259.524272266836	1016.20226099945	237.130674712621	786.324512027027	635.58295495542	829.071404557104	1089.63464638794	749.833206312018	1261.72064389193	1023.12451348964	766.17392748259	1425.81557091225	736.778592984292	1390.40301556525	790.730995413443	1053.21952193702	756.080861119786	951.156929128949	643.250724457554	764.346004823558	879.891759865191	1120.45270765676	939.243363323788	1056.09958121398	940.893702877001	1135.01723105037	1492.49180805678	1265.39938073588	899.517840888543	787.36466099649	1351.70595891749	[6][M+1]+		24
49	M786T6_2	1.11674169999302	0.159295532077108	0.706136014624689	0.486542924464035	1	UP	785.655197428955	785.652318877514	785.656918392709	6.301591745	6.21621659	6.39965017666667	46	14	14	1366.9716796875	6080.52962981852	2864.53013329076	6790.38099566144	2437.65816791613	10937.1543844208	7199.85344788131	10633.9317096512	7700.99224952237	5200.67441579384	7125.62739985147	6239.93061826103	7966.87665899162	3716.63479343765	1928.77548867001	2840.08797480409	2945.21404966331	7441.95675039645	3249.70487611419	8391.91788683524	8669.08045849918	8480.20996334622	6070.90463540276	8443.60371307108	9032.27209308427	4627.62377731982	3804.38581588802	4467.73446765995	4472.28076946929	7855.56178728816	2336.7644390714	10434.2955688311	7978.69856349362			34
50	M759T5	1.13606797017929	-0.184049152894613	-0.684214365794738	0.499912220693024	1	DOWN	758.571245240953	758.566554917608	758.574925931471	5.47083342	5.43835013	5.51150002333333	47	14	14	8492.71875	15865.1283373979	7139.95690741412	13964.946423843	7549.74847623865	14418.9190743266	12270.5326356379	9922.18970951826	20438.9008308558	19191.3686242229	11388.5748930313	26229.3825269378	9763.46622347637	10896.5783753473	12885.9296972198	21942.3240936191	9852.49560726613	32559.0038066427	10352.1306254684	31228.5286666156	29798.8013689508	8269.8946286502	8248.10569020415	12860.6156917654	10229.5685626437	11230.2782274785	10488.668969679	9353.84307424229	11379.1752961959	11421.5658728424	19826.9866895385	9961.15666991218	11212.0605250836	[11][M]+		9
51	M813T6_1	1.05412308452982	0.0760433328889932	0.662156553807832	0.515142401648184	1	UP	812.610767499617	812.605235402005	812.613553654678	5.65524156	5.64811690333333	5.66745014666667	14	7	7	1677.189453125	2323.21585028201	355.17504715899	2448.95545812785	615.375766866111	2204.50264884023	2105.86280883599	2618.55521085379	2737.9782811084	2724.79544151747	2653.19345360329	2205.77684368779	2065.25274350289	2277.26657108478	1627.04156666571	2811.54781869134	1939.94677142406	2061.71533597667	2491.58640815578	1443.60201919877	2121.12466693537	3638.178751794	2694.73480594806	2367.59256201817	1836.51977907476	2345.34453844249	2582.42200670667	3520.94913889449	2268.55305181406	2238.59274439241	2665.1853026605	2824.82951945507	1737.7475264551	[22][M+2]+		5
52	M732T6	1.05823865958919	0.0816650283755803	0.657592791693535	0.517358358185309	1	UP	731.607043890217	731.606175661655	731.60943405219	5.81672498833333	5.80761662	5.82955006666667	26	13	13	1011.71484375	3844.90252091253	715.920599279954	4068.82448998155	1053.94009376681	3594.34289777983	4234.9902317619	4625.86328051533	3717.66313989646	4407.86993665773	4015.57229311872	3197.34219737964	3873.36763788374	4218.66193776582	5376.86651342009	2916.25058906312	2665.84825630659	3308.21755075733	3675.77883046906	4953.08590163682	4497.99836677194	4246.34710403461	3612.52607376803	4701.40704581154	2880.81895760802	5032.0812484676	2814.1561605515	3735.00374144658	4045.77560036232	2481.58254289759	5530.18943972521	5649.89614603296	2782.67453062701			44
53	M764T6	1.04604374723213	0.0649431886738283	0.645998719853003	0.525901468695006	1	UP	763.606936729204	763.605212041501	763.608102182309	6.12944984666667	6.08708346333333	6.14058350666667	19	10	9	736.44189453125	2877.19582945738	684.438368647413	3009.67270696625	346.861722336822	3919.89829084957	3428.83387593189	3700.52574295372	3252.2430382175	1584.8532860466	1747.37516852588	2786.0396507538	2432.24898020274	3309.03789637001	2417.69033816073	3361.88575910236	2638.64346253152	2985.01788467132	2716.44823808566	3783.04893958673	2552.40393213695	3056.05606161695	3392.16794157744	3306.71585783334	3118.06051995453	2518.7003296952	2677.017749231	3221.50708436187	2918.81963110072	3053.94923518329	2728.37700280704	2916.34836775337	2892.24524468913	[13][M+1]+		15
54	M809T5_2	1.05062680711743	-0.0712503009530454	-0.636508284168782	0.530035550124026	1	DOWN	808.587972057143	808.585343846176	808.590849333242	5.41298312333333	5.32021666	5.43101667333333	23	11	8	1392.4052734375	3738.99612349322	722.776581164642	3558.82421632832	774.169759883349	4725.72572715759	3872.92198791504	3231.12324424869	3784.42853972563	3908.72324341022	3422.93817700122	4773.79771900766	4274.67963786819	4393.75912413345	2314.50606661978	3111.70713240528	3356.81304950357	2876.83438935267	4297.98769055604	2642.8156337626	4040.74147775337	4457.93274311211	3930.37821215404	3359.41153555736	2884.9953853917	2443.18636706083	4958.77376431671	3052.70211215593	3515.07983958644	3525.34636293311	3823.96347463591	4527.73888794767	2660.47323222866	[21][M]+		33
55	M546T5_2	1.09082280273777	0.125416764013452	0.633943655354658	0.531779349040199	1	UP	546.356898135746	546.355026097895	546.358558845496	4.68151666166667	4.67790005	4.68354998	28	14	14	3587.1953125	1351.57552402918	472.355702048435	1474.32940123327	549.367786642899	1284.55748348949	1160.69587805642	2467.67049180704	1322.99920927176	2100.92115011473	938.338055359511	869.998682320018	1138.28463655257	1167.43472377017	1652.88551961824	1444.17635641393	815.909069526793	985.206993159882	1572.97908694798	1696.57296906098	1909.97418078725	1185.11315771944	2436.56145242812	822.69109989424	1261.08808849405	2191.81784139649	1196.19688782329	1933.73590833211	967.601268985708	920.780077683468	1340.10440593348	2023.90690843148	754.467370295729			23
56	M704T5	1.05595579258718	-0.0785494377737745	-0.572366204852706	0.572311642888083	1	DOWN	703.575982542469	703.573365900967	703.577826787008	5.48882505833333	5.47453351	5.51511683333333	28	14	14	2780.3046875	7039.99670777844	1486.88268250522	6666.94264778821	1933.01097944914	9809.51194853246	8302.96293553236	5758.7170939782	5185.24155041709	6552.3434897479	7295.13788626191	8823.11890205842	9030.29695250649	7570.89814104007	6666.53910026531	6554.31029810853	5592.3354640015	5136.88977710574	6281.6503693422	4713.99136417403	7680.06402291314	7057.99549928178	3532.80372482613	6412.62840768769	9125.62573788136	6625.91499804955	9168.28524004619	6064.20187036886	5209.43428066332	5680.96974414781	9191.74446283369	8829.48446411336	4044.05325204799	[10][M]+		9
57	M521T5	1.04547918000642	-0.064164331941291	-0.56539593535484	0.57722155803901	1	DOWN	521.345567621371	521.34107747424	521.34782382909	4.64543339333333	4.64189999666667	4.65245007	27	13	14	3901.068359375	3346.05832641871	789.706403862321	3200.50211463625	551.568167498211	4510.78892402729	2279.90566828907	3602.74651415787	3450.07531454333	3447.87271057852	2707.3795399295	3537.67206463782	2398.78957260624	2876.09655254624	3806.92341456953	4173.22119400274	3740.42186881918	1964.80368936981	4348.11954178486	4026.61383862167	3615.59144582902	2729.20448947828	3367.14104540063	2022.58848145686	3580.41101059575	3949.42288281417	2903.19681665698	3483.72140164531	3452.88532971409	2608.60399931222	2896.73000965322	3253.1228246192	2917.79602911016	[3][M+1]+		2
58	M812T6_1	1.03252296729671	0.0461738731086774	0.550469687498141	0.587734039011266	1	UP	811.607295966559	811.605753081661	811.612208290581	5.65603323666667	5.56505006333333	5.66426657333333	29	12	14	4529.41796875	8488.3650802737	964.240889423017	8764.43190018195	1609.79222035706	7593.79530025	7518.68278758535	9179.05163223894	9783.43973074224	8888.30131456473	9443.34171583196	8034.58135723267	7836.39388360585	9045.46021917383	8375.24329889041	8739.2537144377	7435.52943153999	6901.74533452005	10062.2914032181	8792.00015921659	8091.32286026204	11233.2157305589	11620.0366310553	8298.42426773233	5979.07026589768	8739.40039269609	9497.30390018453	9876.75330632895	8131.39055743388	8235.56938699569	9180.48293219869	9134.03182779036	5893.04438419626	[22][M+1]+		5
59	M680T6	1.03515115057506	-0.0498414423754716	-0.547089650062465	0.589717309238289	1	DOWN	680.480474712953	680.479030503924	680.481950405688	5.90996663	5.89780017666667	5.91705008	17	10	7	754.2158203125	1890.67463221203	240.829809711356	1826.47203856336	367.158095157005	2425.00360515085	1845.54752588815	1556.45796758231	1834.33312242282	2129.22881084203	1636.58459161211	1572.10575408037	1836.60624688487	1958.48668224302	2033.02029561174	1863.1975120572	1678.94260155913	2097.37527058938	2002.55486444442	2354.93417575992	2378.08181200193	1764.66780010811	1938.64104137404	1274.8195795511	2229.9126662332	2326.63505241574	1871.07165589256	1516.19925986829	1599.86486418903	1536.22157171598	1649.95672204345	1435.73642084094	1693.86591789271			42
60	M836T5_1	1.10975846510994	0.150245713416821	0.538202554584256	0.595317671691822	1	UP	835.670233281017	835.666701059783	835.672309535751	4.89261661333333	4.88923355	4.90004983666667	28	14	14	9692.3984375	3520.84443348422	1636.40969877519	3907.28691439431	2130.72444315683	1999.22441440297	1641.35897013257	4128.97227965455	2257.99217253795	3024.87266445627	6285.631679294	1960.27729837169	1755.60702274535	3558.00578559281	6337.26894601218	4777.07351057555	5002.27752029809	4213.60861731135	2349.65118739379	9197.53134725106	3513.62342809955	2187.85200103433	2220.99173888871	2304.32194305636	1156.79248404857	6194.39876784657	3522.41173370851	2363.2045239089	6211.67823719088	2878.44619972526	4435.93879739231	4636.11030507293	3878.71529429638	[26][M]+		7
61	M814T5_1	1.08476929201995	-0.117388243913596	-0.527376397185748	0.60246134377364	1	DOWN	813.68867054016	813.685280246978	813.69234084642	4.8970668	4.8561165	4.97499986	37	14	14	5817.44921875	14572.8929480186	6029.24430736569	13434.0942864289	5378.50113176319	9708.35775076976	26256.4082959141	9056.78942111726	20474.2403382871	11140.6341797544	6536.80015853549	23704.2869139965	11134.5758657483	11162.3576856975	14557.7009998662	9077.29621096225	14205.5907025405	17333.8872007014	19671.5755483701	9822.96151109309	21291.5211023741	12330.7618987172	10442.6591970727	4699.88720548815	12003.6954350503	25010.111947987	11194.8393046067	7426.61969513069	18845.3279568159	15410.387785813	11559.9256120501	13634.0563948414	14404.5649629637	[25][M]+		7
62	M188T2	1.02889838037579	0.0411005008251995	0.497685769601994	0.622906905387186	1	UP	188.070833930927	188.070274914327	188.0713364751	2.35802511333333	2.35428330666667	2.36516661666667	28	14	14	1542.87109375	2986.87882213655	443.471441648848	3073.19478247505	473.758588270693	4023.36358263411	2847.35140917665	2797.11600241739	3239.38063997593	3020.81293162453	3139.50962019038	3055.16537686641	3094.18875485527	3221.85588737135	2294.6508294743	2315.850039702	3016.47828142258	2480.28724459695	3270.29290960389	2542.28131087795	2500.61602786542	2949.75029845836	3254.39067329514	2858.94632916961	3094.42307646473	3299.90817035322	3285.86474016665	3717.41701173296	2431.67113512146	3913.02092839967	3681.16504883031	2705.44918317359	2789.82302074161			20
63	M743T6	1.05043936557275	0.0709928878442116	0.472633342848066	0.640580642054446	1	UP	742.575403841008	742.574437585181	742.577445805482	5.60098323	5.58991689	5.60848327666667	15	8	7	917.9296875	1818.98441822054	458.339103712808	1910.7328382623	563.463322994405	1679.76992074324	971.830216345791	2107.88243280109	1415.58988378745	1864.03538267527	1493.58027264255	2662.91626662828	1515.48730494455	1677.24876637998	2046.16761365353	1847.03755492118	2607.96977041982	2051.37537206033	1524.89109708445	2868.73803373291	2664.91668207994	1509.6550747271	2007.13093533435	1348.39512365556	1720.03394145049	2171.62469456687	1475.7409918658	2233.59322147628	1372.81476846048	1405.9307290595	1243.31969272625	1942.46478970107	2785.90105683553			36
64	M785T6	1.06133464841428	0.0858796227793626	0.468618023270031	0.643799113464672	1	UP	784.587602862122	784.584195450697	784.589379978312	5.53209181833333	5.51571681333333	5.54283324	28	14	14	7309.91015625	11043.8095732914	3018.54449061544	11721.1777506235	4487.68498589072	6906.05558555821	12221.3158430606	13251.6551711408	12223.6661434724	13808.574517541	11608.1768222431	8304.89919554198	9744.92834075574	15794.8350316165	7923.20393266328	8213.67846274797	9708.54301174825	8549.51928508326	16354.2826829071	14481.9644411743	14229.5527120504	20024.6084310359	20989.425509502	8498.51462159156	6478.22598169566	10091.76174998	8252.55739560705	8884.9676919939	14199.1822174906	10903.9517251096	8528.40342118411	7963.97600835005	10569.3966019645	[16][M]+		13
65	M227T0	1.00856700249833	0.0123069302187294	0.456474422365738	0.651845435951969	1	UP	226.952356322399	226.951787032281	226.952921119372	0.446475001666667	0.441366671333333	0.447349989333333	28	14	14	1140.9765625	1928.43642549993	93.8151173904091	1944.95734517506	97.6586608261862	2156.28694833441	2070.59344885153	1974.54586184398	1882.16119871017	1961.25133033856	1883.24883279056	1839.74426847792	1808.39006474992	1896.97908741504	1959.85427695901	1877.0101218717	1840.04321006679	1915.21294529155	1932.78836129789	2155.37744551053	2149.995916789	1955.35123254639	1979.84223376083	1849.615621507	1874.27252868831	1870.50522718995	1905.37862285218	1856.52162578245	1904.35049669189	1882.11324058571	1930.99098928783	1982.18430829209	1932.90334296662			41
66	M788T5_2	1.06863380986112	-0.0957675675543926	-0.426856009717635	0.673274693535411	1	DOWN	787.671055198096	787.668895247971	787.672705058521	4.97081680666667	4.92200015333333	5.05031649	32	14	14	1516.0048828125	7359.40801593666	2483.40673656559	6886.74450314563	3316.42913219908	7548.90656165937	6119.01212338295	10671.9148920848	2723.58502158163	8830.87222634189	9902.48164816139	6800.04935232961	9085.49586390682	8165.27793136503	7848.50133233078	3056.34765096792	4286.91774831056	9063.6349511253	8928.71491956509	10507.1087096797	9259.32804024007	7529.1266832614	7995.22099964278	7413.22712346934	1696.5139220449	7646.39206297443	2600.30506390613	5506.27867010707	8311.40302316551	2952.17703200783	12638.0074053934	9566.86054809438	2792.47376005186			31
67	M118T1	1.02600682705056	0.0370403306713018	0.420561495397338	0.677575095447887	1	UP	118.086786744241	118.086580624376	118.087089654283	0.589933323333333	0.589766645	0.593566691666667	15	8	7	1050.5009765625	1703.26099470956	294.012899810125	1747.55740882094	262.428705222537	1899.16242621116	1688.3963453115	1641.27165186333	1991.04147926352	1617.94027275939	1192.5934785136	2254.5449371635	1837.69687717138	1925.60760543805	1428.83908176744	1452.40359084514	1609.64047016716	1331.5283137899	1974.9873956688	2046.32001106793	1780.09353356388	1370.1260991447	1427.2315513534	1543.16345612268	1737.90120806705	1394.55648093595	2061.00967410369	2063.08365530992	1920.41739676979	1931.24549352186	1949.40723047381	1792.43146468705	1448.81646837145			37
68	M526T5	1.04314544907976	-0.0609403314302222	-0.401243127379899	0.691549415253419	1	DOWN	526.431483878133	526.427333667916	526.435040038511	4.80535019333333	4.79918354666667	4.81016647333333	15	8	7	1549.1455078125	1056.55953267889	301.556821409974	1012.85926484265	274.097785711394	595.249559029441	677.628828916852	1541.20244082146	935.58849288813	1154.4097948994	804.719445081536	1239.42010444895	1246.44766789648	1283.79082780341	973.050656453965	1094.95703297295	1080.65677121362	1513.50511571217	651.206719366086	1025.29291808657	1643.9153018168	822.754410588911	1264.24808113343	1021.1637567943	1013.19794163778	1152.5517985638	1078.29991074155	443.51670053014	1184.81558490958	828.613067914998	822.211305651835	1040.68496009894	838.763969328506			30
69	M300T5	1.03480495196658	-0.049358863039946	-0.387630938254633	0.701963097825129	1	DOWN	300.290241956784	300.289227196385	300.291907031568	4.777674915	4.77406686333333	4.77999981	26	13	13	2604.181640625	1118.9381558543	304.677300802654	1081.30344151121	197.837500761429	1136.10502402386	2002.90824087325	1101.23623009934	1077.28673190031	1062.76045264453	974.088261662599	742.468649859601	680.875870025788	1143.4375331421	933.730868128082	1169.33732517502	1220.36540706756	1230.81786680766	1189.71572055055	1371.98014217534	973.241150179675	1047.25029812067	1045.64365320118	759.094032572028	1325.53691448341	821.233051204545	821.926044224936	1325.98790537215	1227.10569476346	1171.96557447784	1106.78000459936	966.352180780244	1174.15153500204			27
70	M702T5	1.0172529501488	0.0246784643967553	0.386556901305531	0.70233811263197	1	UP	701.560425444239	701.558645522132	701.563122301402	5.28413332	5.27850020333333	5.41658310333333	36	14	14	1591.638671875	2775.67531765511	295.704953545566	2823.56390553988	356.9640898796	2787.30046768546	2604.79149712808	3159.76906717188	2802.42414033054	2832.19933903164	2952.94125322729	3081.72870790789	2921.6179465208	3143.01563114897	2759.0878453573	2813.86520303699	2118.93923489882	2347.52952511227	2534.24458861364	2897.51202467928	3446.28276629361	2650.73648121558	2985.88145926986	2748.45686071284	2476.93833606262	2359.37773767272	3150.73627541141	2660.59607997447	3036.34754713065	2594.06960011501	2735.75750756968	3448.90091843757	2338.301083013	[9][M]+		28
71	M814T5_2	1.09303481951607	-0.128339359969591	-0.378982275744505	0.708016153846683	1	DOWN	813.687817222184	813.686411463319	813.689307747388	5.08026665666667	5.03531684666667	5.18826657	15	5	7	1169.873046875	3126.32593127911	2100.78764884532	2860.22537933719	1577.59305413324	8428.45352777658	2608.49309561598	1951.1944618766	2674.23764946586	1575.1867305633	2797.84400677681	7475.63723277278	2469.00645877048	1527.69514977495	2459.93508116587	2049.38379004715	3151.72004570564	2395.62485350276	2204.1509540928	8036.03803435651	2888.04867163673	1761.10758745476	2182.24567217066	3332.71972925564	2068.63465708494	2240.4521675967	1913.65020326062	2434.65074763878	2471.50858108542	2158.78813253814	3620.70970367434	2633.93788328003	2300.66353968738			40
72	M105T3	1.01228370827497	0.0176136844581247	0.368103641190479	0.715777118768005	1	UP	105.033808875246	105.033409102008	105.034235411521	3.03278336	3.02903336333333	3.03638341666667	28	14	14	1121.294921875	1837.63087026033	160.630501933137	1860.20379178768	163.840154225798	1950.23146106633	1708.54617002514	1687.67463425016	1767.7868340604	1620.77798093652	1597.12013989934	2077.3705330546	1968.59370158146	1775.59147234966	1913.25594463716	1836.57616535471	1802.66363702735	2130.29705034985	1890.34645905196	1832.78460701275	2067.98937912339	2029.01201922028	1919.80754928793	1632.67055031644	1661.01871113038	2209.08979213279	1756.1673447956	1894.02129984054	1653.22633113476	1844.96729870143	1871.13487339774	1793.99150384183	1876.97182509173			43
73	M836T5_2	1.13292256621989	0.18004925820326	0.346422870089814	0.732421661029418	1	UP	835.669981060654	835.667964649732	835.672145466241	4.99181672	4.98934984666667	4.99954998666667	18	9	9	701.8359375	678.966252352035	298.566408598511	732.611506935294	496.566567529845	711.148062842994	622.771423261613	673.315296915401	689.090958887393	600.79078543414	903.381449463534	498.14105504522	426.569612514228	564.022081795453	1226.07808752734	982.005561058594	0	1033.18038149541	575.03277668717	1643.36883946523	1130.10898951002	758.313994269492	442.900753488836	462.787481546402	485.491056546701	0	1045.38302497497	480.269293183694	662.171002430841	494.751881101601	0	1321.20498122586	1329.80979935048			48
74	M144T5	1.04007454232143	0.0566869302736797	0.34402415358371	0.733674653328097	1	UP	143.960531825712	143.960262198611	143.960992308765	5.35153337166667	5.34101671666667	5.42416644333333	16	7	6	730.228515625	1913.40631495926	637.922574776681	1990.08519730619	537.179785949633	2299.80928929493	3929.78213531544	1742.78264844286	1941.0741333536	1601.46094412732	1765.82968127792	1971.27425585119	1143.6809710713	1773.81292506562	1750.54285940057	1568.40556970992	1584.21902670711	2016.82810945643	1698.18586035543	2915.24267964843	1984.55201113106	3339.06637856842	1574.13331760701	1768.38064036832	1934.4079364399	1593.21952626123	1911.21706812396	1343.2769630205	1964.91015624235	1857.26070503381	2268.34328792387	1638.79667415842	1768.38541775942			47
75	M757T5	1.05774485643936	-0.0809916702298604	-0.334434481939897	0.740742936334456	1	DOWN	756.555182777823	756.552589379069	756.557583851514	5.33161643	5.27506675	5.35134985	39	13	10	1499.1015625	2137.51824702658	948.643484640074	2020.82594305589	896.966824050039	1295.27651318712	2122.00708742134	1889.63858844603	3185.3449225248	1370.8682869175	1703.93483602712	2586.90047512152	1593.47729530712	2475.68754561424	1094.24466152747	914.1612304718	4360.42659698941	3088.36626657847	2244.92115223818	2280.11519484386	2912.91705494972	1859.05248465549	4420.1790921932	1297.2513108563	1063.70199756916	1879.43592549505	1081.3226552324	1971.53001554041	1851.43063389269	2745.96456097165	1422.97726482942	1298.578591011	2207.10642074207			32
76	M72T1	1.02158595915333	-0.0308106016498801	-0.315885973874189	0.754789482986901	1	DOWN	72.0805321742795	72.0801629093467	72.080927774494	0.593558353	0.593099975	0.597400021333333	20	10	10	1254.5478515625	1338.34272176123	266.595914066641	1310.06373939441	202.798293035635	2146.18162818438	1377.2659458039	1215.32161566149	1406.75402143642	1176.49806235278	1307.28495379829	1377.3732459705	1092.23267311486	1437.02617110943	1091.80253459991	1286.89097643092	1424.21996927022	1055.13521850958	1342.81108841457	1366.57941807635	1095.84097917612	1477.90763667271	1067.58537282596	977.128677240398	1528.4615740924	1120.81063585302	1304.15068495254	1577.52353888296	1533.20963351208	1462.96869663055	1288.96356584602	1436.94654810558	1102.81538965501			37
77	M358T5	1.01534261307863	0.0219666267061585	0.299697712962827	0.766800453024675	1	UP	358.282757619762	358.282136824381	358.28416710633	4.61655829166667	4.61371663666667	4.62896648	28	14	14	1301.0595703125	1067.06833018391	149.108423091754	1083.43994670238	139.801133024624	982.113857291067	1102.79926598909	874.464059171246	914.119919103658	916.353864383794	927.638798329483	1305.54005632398	1350.91389251012	1034.02634016921	1256.0891847673	1026.56310794314	1090.87864858998	1102.77921742958	1054.67641057305	912.504627490581	1209.76082528474	1139.3589871289	1172.82254956611	980.356450385102	969.275628399877	1408.22723652077	1009.68309411943	878.9500947002	1073.98434115391	1016.0205549631	1052.94693570783	1178.6178861933	1165.65004221946			17
78	M681T4	1.01878883051569	-0.0268550478343234	-0.258164416217551	0.798641137500305	1	DOWN	680.515644927506	680.510171985425	680.520058956314	3.60648323666667	3.55300011333333	3.61009999	19	10	9	1973.2998046875	1213.76746539412	271.756903798992	1191.38277633034	177.205793600734	1667.69427904233	1348.43029547391	1283.84951965763	1139.2069104765	910.864849880582	1051.11673289639	1354.17324274837	1684.10148265936	1051.56195166273	1357.22113785243	769.47020028237	869.559505841252	1237.28011105489	1268.21429598894	1188.86004590332	1555.45866324827	1176.2458464182	1370.58441685488	1003.21757219725	1244.78732135203	1242.42340526696	978.898916491274	1414.226431627	1106.76853211219	962.078597692092	1235.77756623303	1220.94114721482	979.090406013466	[8][M+1]+		21
79	M992T5	1.01897565486391	-0.027119583371557	-0.232969291674554	0.818013067059115	1	DOWN	991.679022883464	991.675279682565	991.681608548655	4.69953326666667	4.69588322	4.70078335666667	25	13	12	16130.9296875	8924.33688474096	1371.58066290437	8758.14534149287	2289.79696764569	10537.4363898302	6897.98590996498	9844.35754335995	8897.8152196739	8913.54883234101	9877.77226719339	7286.65740211004	9219.02835994283	9158.56843753822	6986.21314979906	11350.642871866	7805.31832839384	8028.59538910084	10136.7762852592	11249.7056300639	10030.4971714546	6903.88600994559	10340.4392014256	8433.90294103609	7926.77940460047	10096.9113954676	6113.59018746196	14155.7856241836	9163.08529979491	7800.92367818909	6548.01204926757	8148.33798681174	5702.17820119749	[27][M]+		1
80	M496T5	1.0081353725519	-0.0116893771276753	-0.215016876704077	0.831625822539496	1	DOWN	496.341416733431	496.339402737932	496.343053695169	4.69958350666667	4.69588322	4.70078335666667	28	14	14	15601.828125	18032.1566044075	1453.441695968	17886.6421071633	2073.53225881475	21321.4744519351	17917.7077104984	19025.8504714227	19661.1590220558	17521.5481531157	18028.3652356317	15708.2296407417	15852.1332553244	17039.5757922049	17071.3162361992	18330.6704168736	17868.1358384459	18482.0144882974	18622.0117489584	21176.1233315828	18043.974365238	16104.1716250908	18830.9763816893	18394.5715161733	16041.1023344669	18905.5235306512	17208.0765260244	22516.1901346792	18134.7230310576	17648.8482903577	15742.8267891235	16618.7057308673	15047.1759132836	[2][M]+		1
81	M835T6	1.02771191813915	0.0394359138335499	0.214982554708909	0.831671680869127	1	UP	834.604343556697	834.600649205768	834.60727361847	5.54524990333333	5.53678345	5.66796662666667	27	13	13	2452.21484375	2638.0016076583	1048.33095585029	2711.10569226067	721.003309704982	5233.26255990423	2784.91060168228	2101.32906347414	1698.71525272732	3941.43742413928	2096.25051431541	2237.17205559633	2205.75395168847	3240.00381902283	3017.79576184155	3041.3883071617	2325.39140441948	920.283779748969	2088.32801149427	1811.94544105867	3394.2078112454	1982.61634826818	1880.99750434187	3402.74688065125	4039.68737761692	2672.0747245354	2652.51360589528	3594.70203547991	2424.84428438751	2696.99445663252	2864.13290007309	2876.23249200561	1661.78382945779			13
82	M340T4	1.01264476810514	0.0181281710072079	0.213262650478247	0.833246903210411	1	UP	340.255381812655	340.254040673816	340.257782570572	3.60643342666667	3.55561668333333	3.61008327	27	14	13	2909.5703125	1590.32830920996	308.437406299852	1610.43764189096	171.302933808768	1943.17163224984	1648.33704508789	1580.09079900658	1478.6989822156	1279.48084229802	1371.3121446069	1592.40874424504	2222.471468592	1528.6781930558	2138.55263218226	1205.38577182229	1316.5800496348	1470.66381839538	1488.76420554697	1696.8717484774	1781.16890783347	1532.3198208936	1504.97274366328	1462.06961712756	1663.00360336665	1778.83662398207	1442.7008077409	1746.58872306472	1467.94760633955	1315.4154553897	1823.29727264644	1851.37205416901	1479.56200177905	[1][M]2+		21
83	M203T0	1.00788586477814	-0.0113322741140346	-0.195052677219195	0.84699419026721	1	DOWN	203.053089328806	203.052597270013	203.053943296034	0.487966665666667	0.485433321	0.490299994333333	28	14	14	917.29931640625	1330.50980693757	119.031879010488	1320.09967937238	160.342388537958	1415.84720586716	1244.64070104425	1185.06368814384	1389.37872342874	1176.09451399587	1246.16572727343	1407.23206704736	1212.80865941159	1449.04321709514	1429.28389850363	1343.06906475778	1231.12901287008	1321.32557801583	1576.05523967129	1752.59506782631	1436.00197043043	1346.59429427195	1222.81583745963	1239.79723816886	1397.94624680407	1184.05833953495	1329.99993847403	1149.8758164041	1155.640225917	1477.9188417343	1288.57913288563	1231.77434028441	1267.79822101766			46
84	M786T6_1	1.0270692856983	-0.0385335085905708	-0.189682383283212	0.851350259240639	1	DOWN	785.591941042874	785.585544500479	785.593865151369	5.53311647666667	5.50441652666667	5.54531645	26	12	14	3930.05078125	5072.32002775355	1361.33237642758	4938.63471372811	2258.51329927988	3214.9075659111	6102.85229441449	7859.47677460211	5902.80699474953	4265.24421377365	5476.77504678011	4003.66865085426	4936.67493326173	4029.28358227347	3890.98505198944	3884.52024931639	4809.76769752797	7337.83758071926	5297.67975237614	3969.59367826756	5152.10145981208	7682.05541212025	10549.5145911909	4214.52547792595	3413.26571841163	4719.655254839	4029.51172916694	1080.93162901197	4166.76279671299	5082.89384789953	4208.82451322837	3693.8013882299	7177.44849537649	[16][M+1]+		13
85	M789T5	1.02022692455837	0.0288900801606481	0.185453702801963	0.854677890673207	1	UP	788.605703932991	788.600888124583	788.609967900609	4.61656684666667	4.61541681333333	4.62896648	19	10	9	2820.404296875	980.058826791173	198.836194327815	999.882402743447	347.026960491053	1099.87203622814	1192.11203001774	620.457371899532	723.801722135977	833.999028562102	856.936755538677	1188.84708388225	1278.55661268975	866.540876747869	1170.95376288751	974.469140927804	1071.09499858931	807.586291824906	1035.59586314485	718.520037725735	838.478532504989	1150.44473614466	919.930251022888	823.795577480741	858.502606523348	1990.04599244219	917.904650633764	564.450572448928	861.800552892317	760.744536751102	1117.86100534465	1234.0524571479	1241.82212934505	[18][M+1]+		17
86	M813T6_3	1.02471237721832	-0.0352190217394921	-0.180959896673646	0.857901319369524	1	DOWN	812.67594884989	812.673339000355	812.67826054688	6.26321668333333	6.21874976666667	6.31178336	31	14	14	2091.482421875	4544.56149849054	1803.26575518072	4434.9630194057	1372.44692350014	7897.4564120254	3340.81518756105	8455.99142684681	3109.98188706391	5679.85052491843	3806.75556909948	3550.25888045315	3976.67370954614	3927.33550235135	5305.78829849904	5450.51667879265	3430.59309391087	2466.76280133997	3225.08100645935	4156.75891943555	2276.50361756077	4522.61293708651	7768.0074283635	4544.93908120693	6204.80710241644	2788.61188943448	4673.91122064248	3938.48108113879	4978.6228141577	3747.40460608652	3301.37441308388	5024.70170262625	4162.74545844003	[23][M+1]+		22
87	M811T6	1.00772104353653	0.011096328516265	0.149054309191523	0.882697575326362	1	UP	810.602685916347	810.600350668602	810.606209183978	5.65701675666667	5.56823336	5.66421652	29	14	14	9890.546875	16892.447184537	2097.64236770738	17022.8745046874	2513.84872683642	14944.360475328	15321.1335310669	17282.4577682197	18814.4942231783	16913.411812197	17307.6379681203	15268.8858062972	16931.0767793171	17722.6062847473	16939.4508135369	21731.1865307791	14625.0173209713	13659.4500626647	19033.0912070948	17596.0986015083	15850.0836453535	21289.9801876627	17550.0684861891	17171.2174869804	12693.300969963	16102.1498609631	20020.8571610996	20375.0508194087	15600.9969227563	15160.5950464866	17916.2396740459	17860.7884944216	13132.815708785	[22][M]+		5
88	M546T5_1	1.02375588226466	0.033871741282324	0.145444145662451	0.885486794662572	1	UP	546.355711305162	546.352834003765	546.357048283022	4.82091674333333	4.81723326666667	4.89304988333333	36	14	14	6507.2578125	2699.34719731498	1127.2696078121	2763.47257152582	1204.44259701477	2297.07792634822	1754.26384201697	3486.65774147197	1998.91833282289	1855.3891627331	2757.62409410944	1437.30762169371	1917.96038251284	2731.92795203348	4518.70394117382	4798.61586867589	2189.22274696279	4297.68257907713	1749.50857077741	5825.55253042507	2847.18761572498	2064.20219269015	2390.66373621906	1977.03938387198	1570.95769933173	2028.75458445466	1798.85608088594	1851.95123168312	4127.9297048631	2032.84117178863	2635.7254915284	3960.66068017821	3576.29389771653			6
89	M705T5	1.01359984520772	-0.0194882092696567	-0.145065721977761	0.885948581301505	1	DOWN	704.579551100953	704.577493655945	704.581616783356	5.48964158666667	5.45989985	5.49956652333333	18	8	9	1367.0888671875	3165.2005396389	913.856786903798	3122.73186958732	603.9371397601	5288.51047805463	3742.79886491663	2616.38658508632	2322.91846941584	3566.61943379614	3289.05395029986	3913.6824661835	4011.65656035514	3366.751287294	1777.02091384289	2948.74879865148	2347.63489920807	2299.14232394249	2821.88252389768	2716.22308121216	3016.29327290581	3421.69075033423	2284.08282312051	2931.40488221471	4103.25767547967	2938.86180962284	3027.38741981626	3031.92313537596	3414.53152544829	2572.67691010536	4059.39499211396	3953.80931589863	2246.70858057407	[10][M+1]+		9
90	M523T5	1.01056806112485	0.0151664895955933	0.143270319665632	0.887181577791398	1	UP	523.360270516127	523.356633939011	523.364598246513	4.72303332666667	4.72109978	4.72494979333333	27	13	14	2832.01171875	2667.60646510297	524.692841835115	2695.79789328324	516.488509854295	3095.72370030437	2341.5015063478	3077.30803291586	2402.83388452	2363.24855905882	2516.75648300909	1806.88471175492	2416.57543709006	2184.83115425088	2314.68732860826	3847.24610154374	3137.8652354289	2790.40786071628	3050.62051589263	3732.77168426416	3124.76098820636	2410.98630307686	2705.93584987886	2114.91409685838	3112.48271063736	2993.28812310273	2722.96562032388	3415.63887444857	2230.52856377542	2260.66254185352	2484.33880706629	2437.12003703247	1994.77630544044	[4][M+1]+		8
91	M795T6	1.01002255626641	-0.0143875122348094	-0.143385642085579	0.887220529247809	1	DOWN	794.605516052757	794.600746845729	794.608339935993	5.604408265	5.59841654333333	5.61946652333333	28	14	14	1157.4462890625	3273.98544480372	485.849683751651	3241.49735517408	694.750959181414	3865.91804802783	2585.40767783496	3182.67776199028	3328.92599942641	2659.41489492453	3116.66392612282	3573.84203656593	2928.9413758112	2960.22588984613	3598.6379275067	4408.66104224587	3404.94385148803	2938.15511993648	3283.38067552495	3816.69898649947	3351.33569647842	4268.35493286006	3057.24903216682	3365.03154222641	3646.45236519348	3135.88647158244	3345.95341809655	4613.54052123481	2969.48629490868	2504.62643487844	2778.57199759832	2356.06607732479	2171.70920138838			36
92	M524T5	1.00826732607411	0.0118781972403641	0.142543325452395	0.887769975149442	1	UP	524.372517409571	524.370559042443	524.373996032199	4.81913340833333	4.81723326666667	4.82281666	28	14	14	9822.9453125	12385.7366142666	2025.73020328013	12488.1335375247	1766.61309908791	15604.7319912804	10219.4561761185	11130.3039940631	13779.3062422869	12679.8856432248	10799.6124763606	13478.8603404255	14039.7716468923	11405.3318336159	10078.2349304896	12064.787120068	12891.1723505499	9336.3326028988	15892.5252514581	10907.6034620158	16661.0380827735	14398.9933494409	12909.6842798708	10734.8981799049	12980.6212013311	11981.1107593279	12154.0984086141	13364.7991899018	10424.1307175518	11920.759068188	12929.7606394201	13530.5683941902	9935.80379281555	[5][M]+		6
93	M522T5	1.00809057091033	0.0116252621842809	0.137583510280519	0.891634364467399	1	UP	522.357084389949	522.351319278327	522.359375771597	4.72471659	4.64528324333333	4.72525004	29	14	14	9452.3125	9026.85219218912	1451.12770408218	9099.88457994713	1356.11207600985	10661.5280100666	8315.26860481693	10237.1802177551	8390.1179989969	7450.51072644676	8682.17023373611	8448.99975005217	8477.35560130013	8104.8834331592	8289.45039335953	12596.9427354031	9588.86395391327	7115.9298154449	10016.729216197	10284.7151141179	10048.0854795704	7974.5896798678	9276.12299352421	7111.79030209954	9480.71297310003	8722.80158293518	8787.21662590559	12300.8718420494	10473.0292290851	8209.13945439466	8015.4253956771	8975.20872419868	7738.67472273428	[4][M]+		8
94	M703T5	1.00634414046307	-0.0091237493156305	-0.136075190906447	0.89284209945685	1	DOWN	702.563633714954	702.561331274243	702.566063455517	5.28363318333333	5.27850020333333	5.34716654333333	21	9	10	727.76513671875	1258.76468925364	167.288241729623	1250.8292527787	140.09330405716	1303.69396175206	1115.99674315794	1465.99460341947	1586.82789968563	1267.71830736582	1355.42600696177	1348.28343740717	1343.04648863301	1122.85792728294	1274.01396135113	1311.88102034216	990.977437302799	1056.23649477074	1079.75136011839	1285.32049196093	1534.51745397692	1193.43399714782	1385.28598781418	1203.05693241233	1134.21685133734	1063.8894303177	1447.45660538882	1214.22493771669	1348.81205851958	1158.82475399205	1248.5658515678	1251.01698455303	1042.98720219664	[9][M+1]+		28
95	M837T5	1.07602182034084	0.105707334194105	0.130245872958737	0.897501397020291	1	UP	836.674224068461	836.670169296088	836.677660598842	4.88998351666667	4.82091651666667	4.89666669333333	23	10	12	4306.9765625	1771.39818703656	818.21292818862	1821.63077627564	1188.68056820692	1104.6028303387	857.387476121741	2269.83804645255	1188.44698147443	1906.5986849909	2932.97078668438	1012.11392793059	914.859682162159	1904.12047130716	3278.07787156043	2459.11315676081	2391.733658031	1813.25819399312	766.452850703895	4479.0501715255	1755.39908106543	1138.59367149947	1227.38309889918	1218.04595080418	0	3022.09500989992	1875.91377063262	1194.08291978444	2640.01681552945	0	2268.68869178757	2683.07758129781	2000.48410513335	[26][M+1]+		7
96	M812T6_2	1.01117744199054	-0.0160361843996264	-0.120590610657363	0.905348877393816	1	DOWN	811.671908048787	811.669497025589	811.674164941588	6.26736689	6.22818316666667	6.36639988666667	33	14	14	3850.662109375	8510.07949526241	2662.93624316133	8416.0100313452	1194.97370271682	15389.6752872044	6520.62560325368	11729.3069723576	5872.89578628832	11020.514803934	7012.89234411094	6809.13035174052	7601.08601425355	7567.20182193505	6472.42863136617	10246.9677872018	6939.92433004808	8319.00777222402	7639.45542775568	8135.19296363906	8871.70912904301	8599.33458894842	9873.5485803715	8378.91197086762	8314.30877297812	5673.1769850933	9627.07563151731	10205.2927488663	7731.18161777863	7231.7857399766	7741.87810663966	9558.4628844929	7882.28071862039	[23][M]+		22
97	M544T5	1.01226433355875	0.0175860715722501	0.113540522392718	0.910474246487431	1	UP	544.341958523102	544.339052457587	544.344297138352	4.63468315	4.63419986666667	4.64345014333333	27	14	13	5740.08984375	2999.69447229646	855.303190972782	3036.48372587903	859.238146421803	3176.8893071256	2443.31384576473	4004.53314317911	2548.59898798987	2860.80816357657	2688.81484126784	2590.69353450544	3113.14710004533	2652.50724778395	3826.2053476631	4922.74794006613	1684.2582128732	1937.10179905217	3546.10314125738	3319.31660533294	3296.505314755	2603.49228530694	3716.86936356951	1719.40592214825	2829.87078802479	3367.59899350272	3040.99476419596	4461.27721628041	3110.99616066261	2085.05058358619	3210.36957428768	4269.00157818615	1480.02301246723	[7][M]+		16
98	M341T4	1.00492758387217	0.00709154304332893	0.0968060575854729	0.923749753656826	1	UP	340.759566376684	340.757709575507	340.760749396254	3.606458335	3.55561668333333	3.61008327	24	12	12	1240.505859375	778.225468305059	124.66479895137	782.06023957159	80.1702151946928	983.994301950833	800.513426989667	700.884341064153	736.682889120789	683.856841153465	668.243766670022	790.223260060496	1016.91524934648	784.830081185056	956.531943410917	638.787365449034	641.316933969226	720.71903484879	771.657121051898	754.887485875886	798.312074346749	678.442294052376	748.675732438092	697.523577888733	905.579731502736	785.617963769909	714.928281342189	792.936642777562	787.815984872127	707.58470028905	852.050148068137	963.046807186789	761.441929591923	[1][M+1]2+		21
99	M545T5	1.0114743348502	0.0164597134166183	0.090243547867339	0.928797354066159	1	UP	545.347593087026	545.345710990387	545.352275940169	4.63460848166667	4.63203315333333	4.63818341333333	12	5	7	2186.81640625	946.609682384976	338.857872729221	957.471398853106	296.625808503944	963.994642036036	772.022660271016	1369.53609174697	873.341887846589	967.403132142965	854.998872018552	704.646364608511	667.786011398757	901.719400243035	1500.24688341233	1616.90036884746	514.377824853826	520.280529459938	1025.28088450367	1067.75663877051	1045.50485804199	936.934726161616	1223.38457551415	579.989887516356	833.265287013104	1249.79925753108	696.216237817222	1394.76213769168	1078.1072069204	590.212015915724	947.78253230901	1321.20235914178	439.681863598867	[7][M+1]+		16
100	M760T6	1.0052757759402	0.00759132827391576	0.0738629370298543	0.941702802942126	1	UP	759.638700386038	759.636626959109	759.639692267722	6.27050013333333	6.22818316666667	6.33961689666667	33	14	14	1101.5849609375	5009.72505978807	1027.96456925694	5036.15524672554	857.820314488729	3230.37321481876	4123.19719214086	6896.24449408621	4783.41827666432	5250.46546970643	4436.52753066233	5089.92804458766	5174.59614031787	5247.54127416197	5986.61394259584	3685.36588598039	4211.51402911194	5591.16219502949	6429.20314716897	4921.41213832464	5640.22260061888	5283.2878676196	5998.73611973252	5135.91907662594	4249.39087593799	6298.31185596629	3146.46956549932	4494.8568367251	4901.75293572233	5288.4140801709	5562.94679264782	3887.70783896776	5696.74486959845			22
101	M781T5	1.01279444746344	-0.0183414004802825	-0.0724389289230354	0.942809650341307	1	DOWN	780.555746150326	780.553107614435	780.55957097103	5.25766672666667	5.18090001	5.26246643	33	14	14	8224.1640625	7792.33950006719	3718.11100715353	7693.90029692915	3468.31369250034	16173.9343578031	10439.7793481871	4057.03392316951	5203.26282103005	10754.5419120216	5688.07956884877	7406.3869581735	3849.78291747568	9566.51636630703	5729.57675444601	6523.31469832817	11231.3956404613	2545.95013926727	9923.19759542163	2877.07410516631	9736.42157379456	11275.7898113219	6722.47313951281	5498.54962873333	15569.0538666474	4549.25089795792	5789.96734009144	8781.06885149863	5316.63395704095	6804.99607018898	6898.78332064936	12373.8821584778	5520.65943592677	[14][M]+		12
102	M782T5	1.01276080218759	-0.0182934730069237	-0.0702693538323198	0.944553104802079	1	DOWN	781.560533141159	781.556700241119	781.564511632973	5.25529168	5.18638352	5.26246643	28	12	13	4241.55859375	3804.37812518232	2025.8887458208	3756.44290040133	1552.62463643038	9288.05890953248	4272.34635947797	1972.32793717151	2843.29391812371	5215.43339771785	2655.38864283415	3438.58642054749	2418.88426551096	4817.74962376199	2562.866150142	3023.17964127556	4425.8284304741	1038.27025356796	5289.07980241475	1356.52157454556	5225.27789613648	5976.769208981	3316.47462572912	2537.05970630787	6614.27371506787	2486.79059928204	2998.46416043433	4630.32501149529	2316.71336898973	3412.06448392201	3614.41674408752	5338.33457635746	2766.71493428235	[14][M+1]+		12
103	M788T5_1	1.00690202873281	-0.00992331637607169	-0.0592195782737319	0.9532404264228	1	DOWN	787.601604700374	787.59548983914	787.604709545717	4.61654170166667	4.61371663666667	4.62896648	22	12	10	5621.63671875	1972.18946054479	556.24096070267	1958.67065937568	648.210947101853	1803.68584653745	2318.50228571474	1493.03895078725	1491.10203732413	1413.63005148918	1535.78991062862	2738.5302764628	3401.66201566096	1696.19075980111	2199.59590333553	1950.97963415843	2124.35199874639	1683.67250699856	1759.92026998192	1467.48399591979	1904.88572688331	2128.95473236671	2228.97406259665	1659.27471614014	1521.45098540563	3873.6770898696	1587.64586970514	1239.69347405693	1763.35300010111	1441.8069382922	2342.796753891	2157.31665859507	2104.07522743619	[18][M]+		17
104	M676T5	1.00109571208196	0.00157991298000066	0.0183988172922841	0.985461753623393	1	UP	675.544135201052	675.5419283657	675.546530917447	5.274491685	5.26801648666667	5.35508347	36	14	14	1341.6103515625	2418.38880088362	368.463209107242	2421.03865871164	393.23363944967	2788.75968344457	2503.31370600937	2598.97403559816	2702.38495273122	2570.96814083203	2773.6394054963	2226.45237161846	2562.00959397437	2343.60290834031	2326.04033449241	2093.11544823287	1928.43276043048	1563.54088322788	2876.20898794232	1538.32917498482	2988.30857564437	2553.04213614474	2685.62264332492	2469.7918225994	2149.79821805834	2388.84150696519	2412.52953201585	1964.54504374321	2244.89516465688	2968.85556096875	2701.30739484634	2665.94231286624	2162.73213514384			35
